{
  "schema_version": "dockbench-v1.0",
  "scene_id": "DBv1-LC-L2-080",
  "split": "test",
  "family": "LC",
  "difficulty": "L2",
  "generator_version": "dock_sgen_1.1",
  "max_time_s": 32.0,
  "map": {
    "width_m": 40.0,
    "height_m": 20.0,
    "resolution_m": 0.05
  },
  "leader": {
    "x": 5.182048738601306,
    "y": -0.11717869030345823,
    "yaw": 0.3945667149814852
  },
  "follower": {
    "x": -1.7539783549600854,
    "y": -1.4059769811351186,
    "yaw": 0.0
  },
  "obstacles": [
    {
      "x": -4.0,
      "y": -2.4746607125648783,
      "width": 25.0,
      "height": 0.34,
      "yaw": 0.0,
      "role": "channel"
    },
    {
      "x": -6.228681735869213,
      "y": -0.38466071256487855,
      "width": 20.542636528261575,
      "height": 0.34,
      "yaw": 0.0,
      "role": "channel"
    },
    {
      "x": 7.921318264130788,
      "y": -0.38466071256487855,
      "width": 1.1573634717384245,
      "height": 0.34,
      "yaw": 0.0,
      "role": "channel"
    },
    {
      "x": 5.692636528261575,
      "y": 0.7903392874351213,
      "width": 3.3,
      "height": 0.34,
      "yaw": 0.0,
      "role": "hybrid"
    }
  ],
  "descriptors": {
    "d0_m": 5.485291765227476,
    "heading_diff_deg": 22.60700750478038,
    "bearing_deg": 167.91919845067062,
    "boundary_margin_m": 8.594023018864881,
    "clutter_ratio": 0.02125,
    "occlusion_index": 0.4764705882352941,
    "detour_factor": 1.1687804878048782,
    "homotopy_count": 2.0,
    "dock_zone_clearance_m": 0.0,
    "staging_shift_required_m": 1.1339399174351057,
    "capture_constraint_index": 0.5797794500772859,
    "corridor_width_min_m": 1.75,
    "bottleneck_ratio": 0.426829268292683,
    "corridor_turn_deg_max": 30.277045403441868,
    "branch_count": 1.0,
    "drivable_area_ratio": 0.05953437499999999,
    "off_lane_shortcut_gap_m": 1.8258442128153893,
    "leader_reverse_turn_required": 0.30112661406197777,
    "leader_micro_adjust_budget_m": 1.4339399174351057
  },
  "quality": {
    "valid": true,
    "label_fidelity": true,
    "lane_fidelity": true,
    "diversity_score": 1.0,
    "balance_score": 0.8333333333333334,
    "scene_quality_score": 0.95,
    "raw_diversity_distance": 0.2190390792314253
  },
  "lane": {
    "enabled": true,
    "category": "LC",
    "corridor_polygons": [
      [
        [
          8.5,
          -0.5546607125648786
        ],
        [
          8.5,
          -2.3046607125648784
        ],
        [
          -16.5,
          -2.3046607125648784
        ],
        [
          -16.5,
          -0.5546607125648786
        ]
      ],
      [
        [
          7.3426365282615755,
          0.6203392874351212
        ],
        [
          7.3426365282615755,
          -0.5546607125648786
        ],
        [
          4.042636528261575,
          -0.5546607125648786
        ],
        [
          4.042636528261575,
          0.6203392874351212
        ]
      ]
    ],
    "centerline": [
      [
        -16.5,
        -1.4296607125648786
      ],
      [
        5.692636528261575,
        -1.4296607125648786
      ],
      [
        8.5,
        -1.4296607125648786
      ]
    ],
    "width_profile_m": [
      1.75,
      4.1,
      1.75
    ],
    "branch_count": 1,
    "bottleneck_ratio": 0.426829268292683,
    "corridor_width_min_m": 1.75,
    "corridor_turn_deg_max": 30.277045403441868,
    "drivable_area_ratio": 0.05953437499999999,
    "leader_reverse_turn_required": 0.30112661406197777,
    "leader_micro_adjust_budget_m": 1.4339399174351057,
    "heading_gap_regime": "medium",
    "bay_depth_m": 1.175,
    "leader_stage_anchor_xy": [
      5.692636528261575,
      -1.1296607125648785
    ],
    "leader_stage_anchor_yaw": 0.0,
    "leader_stage_path_xy": [
      [
        5.182048738601306,
        -0.11717869030345823
      ],
      [
        5.182048738601306,
        -0.28592569401369494
      ],
      [
        5.182048738601306,
        -0.45467269772393165
      ],
      [
        5.182048738601306,
        -0.6234197014341684
      ],
      [
        5.182048738601306,
        -0.7921667051444051
      ],
      [
        5.182048738601306,
        -0.9609137088546418
      ],
      [
        5.182048738601306,
        -1.1296607125648785
      ],
      [
        5.309695686016374,
        -1.1296607125648785
      ],
      [
        5.437342633431441,
        -1.1296607125648785
      ],
      [
        5.564989580846508,
        -1.1296607125648785
      ],
      [
        5.692636528261575,
        -1.1296607125648785
      ]
    ],
    "follower_stage_path_xy": [
      [
        -1.7539783549600854,
        -1.4059769811351186
      ],
      [
        -1.1419014945573775,
        -1.4089374475638385
      ],
      [
        -0.5298246341546702,
        -1.4118979139925585
      ],
      [
        0.08225222624803719,
        -1.4148583804212786
      ],
      [
        0.694329086650745,
        -1.4178188468499986
      ],
      [
        1.3064059470534528,
        -1.4207793132787185
      ],
      [
        1.91848280745616,
        -1.4237397797074387
      ],
      [
        2.5305596678588675,
        -1.4267002461361586
      ],
      [
        3.1426365282615754,
        -1.4296607125648786
      ],
      [
        3.1426365282615754,
        -1.3546607125648786
      ],
      [
        3.1426365282615754,
        -1.2796607125648785
      ],
      [
        3.1426365282615754,
        -1.2046607125648785
      ],
      [
        3.1426365282615754,
        -1.1296607125648785
      ]
    ],
    "corridor_entry_xy": [
      5.692636528261575,
      -1.4296607125648786
    ],
    "off_lane_shortcut_gap_m": 1.8258442128153893,
    "lane_fidelity": true
  },
  "audit": {
    "direct_los_blocked": true,
    "large_obstacle_present": true,
    "stage_plan": {
      "leader_goal": {
        "vehicle_id": 2,
        "x": 5.955063297015111,
        "y": 0.2047071439596912,
        "yaw": 0.3945667149814852,
        "v": 0.0,
        "delta": 0.0,
        "mode": "FREE"
      },
      "follower_goal": {
        "vehicle_id": 1,
        "x": 2.920298875715084,
        "y": -1.0589788589879583,
        "yaw": 0.3945667149814852,
        "v": 0.0,
        "delta": 0.0,
        "mode": "DOCKING"
      },
      "leader_path_xy": [
        [
          5.182048738601306,
          -0.11717869030345823
        ],
        [
          5.955063297015111,
          0.2047071439596912
        ]
      ],
      "follower_path_xy": [
        [
          -1.7539783549600854,
          -1.4059769811351186
        ],
        [
          2.920298875715084,
          -1.0589788589879583
        ]
      ],
      "score": 2.0061346529100463,
      "reason": "heuristic_descriptor_estimate"
    },
    "lane_fidelity": true,
    "off_lane_shortcut_gap_m": 1.8258442128153893,
    "leader_reverse_turn_required": 0.30112661406197777
  },
  "scenario": {
    "seed": 20670454,
    "style": "lane_constrained",
    "planner_seed": 20670551,
    "obstacles": [
      {
        "x": -4.0,
        "y": -2.4746607125648783,
        "width": 25.0,
        "height": 0.34,
        "yaw": 0.0
      },
      {
        "x": -6.228681735869213,
        "y": -0.38466071256487855,
        "width": 20.542636528261575,
        "height": 0.34,
        "yaw": 0.0
      },
      {
        "x": 7.921318264130788,
        "y": -0.38466071256487855,
        "width": 1.1573634717384245,
        "height": 0.34,
        "yaw": 0.0
      },
      {
        "x": 5.692636528261575,
        "y": 0.7903392874351213,
        "width": 3.3,
        "height": 0.34,
        "yaw": 0.0
      }
    ],
    "leader": {
      "vehicle_id": 2,
      "x": 5.182048738601306,
      "y": -0.11717869030345823,
      "yaw": 0.3945667149814852,
      "v": 0.0,
      "delta": 0.0,
      "mode": "FREE"
    },
    "follower": {
      "vehicle_id": 1,
      "x": -1.7539783549600854,
      "y": -1.4059769811351186,
      "yaw": 0.0,
      "v": 0.0,
      "delta": 0.0,
      "mode": "DOCKING"
    },