{
  "schema_version": "dockbench-v1.0",
  "scene_id": "DBv1-LC-L1-078",
  "split": "challenge",
  "family": "LC",
  "difficulty": "L1",
  "generator_version": "dock_sgen_1.1",
  "max_time_s": 27.0,
  "map": {
    "width_m": 40.0,
    "height_m": 20.0,
    "resolution_m": 0.05
  },
  "leader": {
    "x": 3.935045108639205,
    "y": -0.26991656941681486,
    "yaw": 0.10623246720681243
  },
  "follower": {
    "x": -3.104480304546372,
    "y": -1.7513870725885123,
    "yaw": 0.0
  },
  "obstacles": [
    {
      "x": -4.0,
      "y": -2.9898495601780386,
      "width": 25.0,
      "height": 0.34,
      "yaw": 0.0,
      "role": "channel"
    },
    {
      "x": -6.840226173092026,
      "y": -0.5798495601780388,
      "width": 19.31954765381595,
      "height": 0.34,
      "yaw": 0.0,
      "role": "channel"
    },
    {
      "x": 7.059773826907974,
      "y": -0.5798495601780388,
      "width": 2.880452346184052,
      "height": 0.34,
      "yaw": 0.0,
      "role": "channel"
    },
    {
      "x": 4.2195476538159475,
      "y": 0.47515043982196115,
      "width": 2.8,
      "height": 0.34,
      "yaw": 0.0,
      "role": "hybrid"
    }
  ],
  "descriptors": {
    "d0_m": 5.627761264825395,
    "heading_diff_deg": 6.086672018212262,
    "bearing_deg": -174.20218249288814,
    "boundary_margin_m": 8.248612927411488,
    "clutter_ratio": 0.02125,
    "occlusion_index": 0.6176470588235294,
    "detour_factor": 1.160574162679426,
    "homotopy_count": 2.0,
    "dock_zone_clearance_m": 0.0,
    "staging_shift_required_m": 1.247799611416856,
    "capture_constraint_index": 0.38021833518546444,
    "corridor_width_min_m": 2.07,
    "bottleneck_ratio": 0.49521531100478466,
    "corridor_turn_deg_max": 18.382403853112837,
    "branch_count": 1.0,
    "drivable_area_ratio": 0.06838,
    "off_lane_shortcut_gap_m": 1.678179462617587,
    "leader_reverse_turn_required": 0.0,
    "leader_micro_adjust_budget_m": 1.547799611416856
  },
  "quality": {
    "valid": true,
    "label_fidelity": true,
    "lane_fidelity": true,
    "diversity_score": 0.6552878649188765,
    "balance_score": 0.16666666666666663,
    "scene_quality_score": 0.5087015054432135,
    "raw_diversity_distance": 0.11795181568539777
  },
  "lane": {
    "enabled": true,
    "category": "LC",
    "corridor_polygons": [
      [
        [
          8.5,
          -0.7498495601780388
        ],
        [
          8.5,
          -2.8198495601780387
        ],
        [
          -16.5,
          -2.8198495601780387
        ],
        [
          -16.5,
          -0.7498495601780388
        ]
      ],
      [
        [
          5.619547653815948,
          0.3051504398219611
        ],
        [
          5.619547653815948,
          -0.7498495601780388
        ],
        [
          2.8195476538159476,
          -0.7498495601780388
        ],
        [
          2.8195476538159476,
          0.3051504398219611
        ]
      ]
    ],
    "centerline": [
      [
        -16.5,
        -1.7848495601780388
      ],
      [
        4.2195476538159475,
        -1.7848495601780388
      ],
      [
        8.5,
        -1.7848495601780388
      ]
    ],
    "width_profile_m": [
      2.07,
      4.18,
      2.07
    ],
    "branch_count": 1,
    "bottleneck_ratio": 0.49521531100478466,
    "corridor_width_min_m": 2.07,
    "corridor_turn_deg_max": 18.382403853112837,
    "drivable_area_ratio": 0.06838,
    "leader_reverse_turn_required": 0.0,
    "leader_micro_adjust_budget_m": 1.547799611416856,
    "heading_gap_regime": "small",
    "bay_depth_m": 1.055,
    "leader_stage_anchor_xy": [
      4.2195476538159475,
      -1.4848495601780387
    ],
    "leader_stage_anchor_yaw": 0.0,
    "leader_stage_path_xy": [
      [
        3.935045108639205,
        -0.26991656941681486
      ],
      [
        3.935045108639205,
        -0.4724054012103521
      ],
      [
        3.935045108639205,
        -0.6748942330038895
      ],
      [
        3.935045108639205,
        -0.8773830647974268
      ],
      [
        3.935045108639205,
        -1.0798718965909642
      ],
      [
        3.935045108639205,
        -1.2823607283845013
      ],
      [
        3.935045108639205,
        -1.4848495601780387
      ],
      [
        4.0061707449333905,
        -1.4848495601780387
      ],
      [
        4.077296381227576,
        -1.4848495601780387
      ],
      [
        4.148422017521762,
        -1.4848495601780387
      ],
      [
        4.2195476538159475,
        -1.4848495601780387
      ]
    ],
    "follower_stage_path_xy": [
      [
        -3.104480304546372,
        -1.7513870725885123
      ],
      [
        -2.507726809751082,
        -1.7555698835372031
      ],
      [
        -1.9109733149557921,
        -1.7597526944858939
      ],
      [
        -1.3142198201605018,
        -1.7639355054345849
      ],
      [
        -0.717466325365212,
        -1.7681183163832754
      ],
      [
        -0.12071283056992232,
        -1.7723011273319664
      ],
      [
        0.47604066422536784,
        -1.7764839382806572
      ],
      [
        1.072794159020658,
        -1.780666749229348
      ],
      [
        1.6695476538159477,
        -1.7848495601780388
      ],
      [
        1.6695476538159477,
        -1.7098495601780388
      ],
      [
        1.6695476538159477,
        -1.6348495601780386
      ],
      [
        1.6695476538159477,
        -1.5598495601780387
      ],
      [
        1.6695476538159477,
        -1.4848495601780387
      ]
    ],
    "corridor_entry_xy": [
      4.2195476538159475,
      -1.7848495601780388
    ],
    "off_lane_shortcut_gap_m": 1.678179462617587,
    "lane_fidelity": true
  },
  "audit": {
    "direct_los_blocked": true,
    "large_obstacle_present": true,
    "stage_plan": {
      "leader_goal": {
        "vehicle_id": 2,
        "x": 4.406280308031008,
        "y": -0.21966692110808175,
        "yaw": 0.10623246720681243,
        "v": 0.0,
        "delta": 0.0,
        "mode": "FREE"
      },
      "follower_goal": {
        "vehicle_id": 1,
        "x": 1.4988566502486023,
        "y": -0.5296968519719385,
        "yaw": 0.10623246720681243,
        "v": 0.0,
        "delta": 0.0,
        "mode": "DOCKING"
      },
      "leader_path_xy": [
        [
          3.935045108639205,
          -0.26991656941681486
        ],
        [
          4.406280308031008,
          -0.21966692110808175
        ]
      ],
      "follower_path_xy": [
        [
          -3.104480304546372,
          -1.7513870725885123
        ],
        [
          1.4988566502486023,
          -0.5296968519719385
        ]
      ],
      "score": 1.634480947080096,
      "reason": "heuristic_descriptor_estimate"
    },
    "lane_fidelity": true,
    "off_lane_shortcut_gap_m": 1.678179462617587,
    "leader_reverse_turn_required": 0.0
  },
  "scenario": {
    "seed": 20660978,
    "style": "lane_constrained",
    "planner_seed": 20661075,
    "obstacles": [
      {
        "x": -4.0,
        "y": -2.9898495601780386,
        "width": 25.0,
        "height": 0.34,
        "yaw": 0.0
      },
      {
        "x": -6.840226173092026,
        "y": -0.5798495601780388,
        "width": 19.31954765381595,
        "height": 0.34,
        "yaw": 0.0
      },
      {
        "x": 7.059773826907974,
        "y": -0.5798495601780388,
        "width": 2.880452346184052,
        "height": 0.34,
        "yaw": 0.0
      },
      {
        "x": 4.2195476538159475,
        "y": 0.47515043982196115,
        "width": 2.8,
        "height": 0.34,
        "yaw": 0.0
      }
    ],
    "leader": {
      "vehicle_id": 2,
      "x": 3.935045108639205,
      "y": -0.26991656941681486,
      "yaw": 0.10623246720681243,
      "v": 0.0,
      "delta": 0.0,
      "mode": "FREE"
    },
    "follower": {
      "vehicle_id": 1,
      "x": -3.104480304546372,
      "y": -1.7513870725885123,
      "yaw": 0.0,
      "v": 0.0,
      "delta": 0.0,
      "mode": "DOCKING"
    },