{
  "schema_version": "dockbench-v1.0",
  "scene_id": "DBv1-SC-L2-028",
  "split": "test",
  "family": "SC",
  "difficulty": "L2",
  "generator_version": "dock_sgen_1.1",
  "max_time_s": 28.0,
  "map": {
    "width_m": 40.0,
    "height_m": 20.0,
    "resolution_m": 0.05
  },
  "leader": {
    "x": 7.980126997788192,
    "y": 1.6352014819345246,
    "yaw": 0.3615474438801114
  },
  "follower": {
    "x": -0.39260448565333483,
    "y": -1.360077660743047,
    "yaw": 0.4994642605098215
  },
  "obstacles": [
    {
      "x": 4.14647613004397,
      "y": -0.3203921804770036,
      "width": 0.62,
      "height": 1.4200000000000002,
      "yaw": 0.34355535815091615,
      "role": "screen"
    },
    {
      "x": 2.166670695139178,
      "y": 4.917029141600912,
      "width": 0.9038570947426522,
      "height": 0.7867999153195567,
      "yaw": 0.2734922647858542,
      "role": "background"
    },
    {
      "x": -8.082820779791724,
      "y": -6.746809542369,
      "width": 0.9356044848623342,
      "height": 0.8066735582674902,
      "yaw": -0.10812616187335672,
      "role": "background"
    }
  ],
  "descriptors": {
    "d0_m": 7.308780313791812,
    "heading_diff_deg": 7.902051516762082,
    "bearing_deg": 178.96912942307952,
    "boundary_margin_m": 8.364798518065475,
    "clutter_ratio": 0.0029328526056742756,
    "occlusion_index": 1.0,
    "detour_factor": 1.1148,
    "homotopy_count": 2.0,
    "dock_zone_clearance_m": 1.0512174943730632,
    "staging_shift_required_m": 0.264,
    "capture_constraint_index": 0.11466914633507151,
    "corridor_width_min_m": 0.0,
    "bottleneck_ratio": 0.0,
    "corridor_turn_deg_max": 0.0,
    "branch_count": 0.0,
    "drivable_area_ratio": 1.0,
    "off_lane_shortcut_gap_m": 0.0,
    "leader_reverse_turn_required": 0.0,
    "leader_micro_adjust_budget_m": 0.0
  },
  "quality": {
    "valid": true,
    "label_fidelity": true,
    "lane_fidelity": true,
    "diversity_score": 0.7219361173227095,
    "balance_score": 0.5,
    "scene_quality_score": 0.6553552821258967,
    "raw_diversity_distance": 0.1299485011180877
  },
  "lane": {},
  "audit": {
    "direct_los_blocked": true,
    "large_obstacle_present": false,
    "stage_plan": {
      "leader_goal": {
        "vehicle_id": 2,
        "x": 8.227059550577719,
        "y": 1.7285841054404407,
        "yaw": 0.3615474438801114,
        "v": 0.0,
        "delta": 0.0,
        "mode": "FREE"
      },
      "follower_goal": {
        "vehicle_id": 1,
        "x": 5.688518079855085,
        "y": 0.7685824380349242,
        "yaw": 0.3615474438801114,
        "v": 0.0,
        "delta": 0.0,
        "mode": "DOCKING"
      },
      "leader_path_xy": [
        [
          7.980126997788192,
          1.6352014819345246
        ],
        [
          8.227059550577719,
          1.7285841054404407
        ]
      ],
      "follower_path_xy": [
        [
          -0.39260448565333483,
          -1.360077660743047
        ],
        [
          5.688518079855085,
          0.7685824380349242
        ]
      ],
      "score": 1.3788,
      "reason": "heuristic_descriptor_estimate"
    },
    "lane_fidelity": true,
    "off_lane_shortcut_gap_m": 0.0,
    "leader_reverse_turn_required": 0.0
  },
  "scenario": {
    "seed": 20370716,
    "style": "switching_critical",
    "planner_seed": 20370813,
    "obstacles": [
      {
        "x": 4.14647613004397,
        "y": -0.3203921804770036,
        "width": 0.62,
        "height": 1.4200000000000002,
        "yaw": 0.34355535815091615
      },
      {
        "x": 2.166670695139178,
        "y": 4.917029141600912,
        "width": 0.9038570947426522,
        "height": 0.7867999153195567,
        "yaw": 0.2734922647858542
      },
      {
        "x": -8.082820779791724,
        "y": -6.746809542369,
        "width": 0.9356044848623342,
        "height": 0.8066735582674902,
        "yaw": -0.10812616187335672
      }
    ],
    "leader": {
      "vehicle_id": 2,
      "x": 7.980126997788192,
      "y": 1.6352014819345246,
      "yaw": 0.3615474438801114,
      "v": 0.0,
      "delta": 0.0,
      "mode": "FREE"
    },
    "follower": {
      "vehicle_id": 1,
      "x": -0.39260448565333483,
      "y": -1.360077660743047,
      "yaw": 0.4994642605098215,
      "v": 0.0,
      "delta": 0.0,
      "mode": "DOCKING"
    },
    "leader_relocation_m": 0.264,
    "follower_detour_ratio": 1.1148,
    "direct_los_blocked": true,
    "large_obstacle_present": false,
    "subset_tag": "Switching-Critical",
    "lane_constrained": false
  }
}