{
  "schema_version": "dockbench-v1.0",
  "scene_id": "DBv1-LC-L3-086",
  "split": "test",
  "family": "LC",
  "difficulty": "L3",
  "generator_version": "dock_sgen_1.1",
  "max_time_s": 38.0,
  "map": {
    "width_m": 40.0,
    "height_m": 20.0,
    "resolution_m": 0.05
  },
  "leader": {
    "x": 3.7082805099337732,
    "y": 0.04986550190808364,
    "yaw": -0.7373760045913182
  },
  "follower": {
    "x": -2.9285520995922907,
    "y": 1.2564495825223694,
    "yaw": 0.0
  },
  "obstacles": [
    {
      "x": -4.0,
      "y": 2.2181082987354324,
      "width": 25.0,
      "height": 0.34,
      "yaw": 0.0,
      "role": "channel"
    },
    {
      "x": -7.03938985447642,
      "y": 0.42810829873543255,
      "width": 18.92122029104716,
      "height": 0.34,
      "yaw": 0.0,
      "role": "channel"
    },
    {
      "x": 7.660610145523581,
      "y": 0.42810829873543255,
      "width": 1.6787797089528391,
      "height": 0.34,
      "yaw": 0.0,
      "role": "channel"
    },
    {
      "x": 4.621220291047161,
      "y": -1.1718917012645675,
      "width": 4.4,
      "height": 0.34,
      "yaw": 0.0,
      "role": "hybrid"
    }
  ],
  "descriptors": {
    "d0_m": 5.232414811237414,
    "heading_diff_deg": 42.24853297730175,
    "bearing_deg": -148.05537120318178,
    "boundary_margin_m": 8.74355041747763,
    "clutter_ratio": 0.02125,
    "occlusion_index": 0.4411764705882353,
    "detour_factor": 1.1825806451612904,
    "homotopy_count": 2.0,
    "dock_zone_clearance_m": 0.024988020835848612,
    "staging_shift_required_m": 1.3631194091744911,
    "capture_constraint_index": 0.77810640875981,
    "corridor_width_min_m": 1.45,
    "bottleneck_ratio": 0.31182795698924726,
    "corridor_turn_deg_max": 44.41894374365726,
    "branch_count": 1.0,
    "drivable_area_ratio": 0.05411249999999999,
    "off_lane_shortcut_gap_m": 2.428565841040621,
    "leader_reverse_turn_required": 0.8078763657425334,
    "leader_micro_adjust_budget_m": 1.624119409174491
  },
  "quality": {
    "valid": true,
    "label_fidelity": true,
    "lane_fidelity": true,
    "diversity_score": 0.8245707219653586,
    "balance_score": 0.8333333333333334,
    "scene_quality_score": 0.827199505375751,
    "raw_diversity_distance": 0.14842272995376454
  },
  "lane": {
    "enabled": true,
    "category": "LC",
    "corridor_polygons": [
      [
        [
          8.5,
          2.0481082987354324
        ],
        [
          8.5,
          0.5981082987354326
        ],
        [
          -16.5,
          0.5981082987354326
        ],
        [
          -16.5,
          2.0481082987354324
        ]
      ],
      [
        [
          6.821220291047161,
          0.5981082987354326
        ],
        [
          6.821220291047161,
          -1.0018917012645676
        ],
        [
          2.4212202910471605,
          -1.0018917012645676
        ],
        [
          2.4212202910471605,
          0.5981082987354326
        ]
      ]
    ],
    "centerline": [
      [
        -16.5,
        1.3231082987354326
      ],
      [
        4.621220291047161,
        1.3231082987354326
      ],
      [
        8.5,
        1.3231082987354326
      ]
    ],
    "width_profile_m": [
      1.45,
      4.65,
      1.45
    ],
    "branch_count": 1,
    "bottleneck_ratio": 0.31182795698924726,
    "corridor_width_min_m": 1.45,
    "corridor_turn_deg_max": 44.41894374365726,
    "drivable_area_ratio": 0.05411249999999999,
    "leader_reverse_turn_required": 0.8078763657425334,
    "leader_micro_adjust_budget_m": 1.624119409174491,
    "heading_gap_regime": "large",
    "bay_depth_m": 1.6,
    "leader_stage_anchor_xy": [
      4.621220291047161,
      1.0621082987354327
    ],
    "leader_stage_anchor_yaw": 0.0,
    "leader_stage_path_xy": [
      [
        3.7082805099337732,
        0.04986550190808364
      ],
      [
        3.7082805099337732,
        0.21857263471264182
      ],
      [
        3.7082805099337732,
        0.38727976751719995
      ],
      [
        3.7082805099337732,
        0.5559869003217581
      ],
      [
        3.7082805099337732,
        0.7246940331263163
      ],
      [
        3.7082805099337732,
        0.8934011659308744
      ],
      [
        3.7082805099337732,
        1.0621082987354327
      ],
      [
        3.93651545521212,
        1.0621082987354327
      ],
      [
        4.164750400490467,
        1.0621082987354327
      ],
      [
        4.392985345768814,
        1.0621082987354327
      ],
      [
        4.621220291047161,
        1.0621082987354327
      ]
    ],
    "follower_stage_path_xy": [
      [
        -2.9285520995922907,
        1.2564495825223694
      ],
      [
        -2.303580550762359,
        1.2647819220490022
      ],
      [
        -1.6786090019324276,
        1.2731142615756352
      ],
      [
        -1.0536374531024966,
        1.2814466011022683
      ],
      [
        -0.4286659042725649,
        1.289778940628901
      ],
      [
        0.19630564455736677,
        1.298111280155534
      ],
      [
        0.821277193387298,
        1.3064436196821667
      ],
      [
        1.4462487422172292,
        1.3147759592087997
      ],
      [
        2.071220291047161,
        1.3231082987354326
      ],
      [
        2.071220291047161,
        1.2578582987354325
      ],
      [
        2.071220291047161,
        1.1926082987354327
      ],
      [
        2.071220291047161,
        1.1273582987354327
      ],
      [
        2.071220291047161,
        1.0621082987354327
      ]
    ],
    "corridor_entry_xy": [
      4.621220291047161,
      1.3231082987354326
    ],
    "off_lane_shortcut_gap_m": 2.428565841040621,
    "lane_fidelity": true
  },
  "audit": {
    "direct_los_blocked": true,
    "large_obstacle_present": true,
    "stage_plan": {
      "leader_goal": {
        "vehicle_id": 2,
        "x": 4.665751035090637,
        "y": -0.8197947480560237,
        "yaw": -0.7373760045913182,
        "v": 0.0,
        "delta": 0.0,
        "mode": "FREE"
      },
      "follower_goal": {
        "vehicle_id": 1,
        "x": 1.894703920130289,
        "y": 1.6971177451655528,
        "yaw": -0.7373760045913182,
        "v": 0.0,
        "delta": 0.0,
        "mode": "DOCKING"
      },
      "leader_path_xy": [
        [
          3.7082805099337732,
          0.04986550190808364
        ],
        [
          4.665751035090637,
          -0.8197947480560237
        ]
      ],
      "follower_path_xy": [
        [
          -2.9285520995922907,
          1.2564495825223694
        ],
        [
          1.894703920130289,
          1.6971177451655528
        ]
      ],
      "score": 2.4760483706619287,
      "reason": "heuristic_descriptor_estimate"
    },
    "lane_fidelity": true,
    "off_lane_shortcut_gap_m": 2.428565841040621,
    "leader_reverse_turn_required": 0.8078763657425334
  },
  "scenario": {
    "seed": 20680454,
    "style": "lane_constrained",
    "planner_seed": 20680551,
    "obstacles": [
      {
        "x": -4.0,
        "y": 2.2181082987354324,
        "width": 25.0,
        "height": 0.34,
        "yaw": 0.0
      },
      {
        "x": -7.03938985447642,
        "y": 0.42810829873543255,
        "width": 18.92122029104716,
        "height": 0.34,
        "yaw": 0.0
      },
      {
        "x": 7.660610145523581,
        "y": 0.42810829873543255,
        "width": 1.6787797089528391,
        "height": 0.34,
        "yaw": 0.0
      },
      {
        "x": 4.621220291047161,
        "y": -1.1718917012645675,
        "width": 4.4,
        "height": 0.34,
        "yaw": 0.0
      }
    ],
    "leader": {
      "vehicle_id": 2,
      "x": 3.7082805099337732,
      "y": 0.04986550190808364,
      "yaw": -0.7373760045913182,
      "v": 0.0,
      "delta": 0.0,
      "mode": "FREE"
    },
    "follower": {
      "vehicle_id": 1,
      "x": -2.9285520995922907,
      "y": 1.2564495825223694,
      "yaw": 0.0,
      "v": 0.0,
      "delta": 0.0,
      "mode": "DOCKING"
    },