{
  "schema_version": "dockbench-v1.0",
  "scene_id": "DBv1-EC-L1-060",
  "split": "challenge",
  "family": "EC",
  "difficulty": "L1",
  "generator_version": "dock_sgen_1.0",
  "max_time_s": 32.0,
  "map": {
    "width_m": 40.0,
    "height_m": 20.0,
    "resolution_m": 0.05
  },
  "leader": {
    "x": -5.893565727869289,
    "y": 0.02650666381640132,
    "yaw": 0.25675280997288075
  },
  "follower": {
    "x": -14.25574388358039,
    "y": -4.769755364532653,
    "yaw": 0.5360213063419308
  },
  "obstacles": [
    {
      "x": -8.843585724879254,
      "y": -0.7480138441376002,
      "width": 1.5,
      "height": 2.55,
      "yaw": 0.25675280997288075,
      "role": "screen"
    },
    {
      "x": -7.170369272143182,
      "y": 1.345511102523727,
      "width": 1.0,
      "height": 1.3,
      "yaw": 0.3265659800526539,
      "role": "hybrid"
    },
    {
      "x": 10.45051022158826,
      "y": -4.313665967062899,
      "width": 1.081234592781263,
      "height": 1.6890038607010291,
      "yaw": 0.5749057628672177,
      "role": "background"
    },
    {
      "x": 7.929781719695107,
      "y": -3.90518760938852,
      "width": 1.4121237287787434,
      "height": 1.3117969876943292,
      "yaw": 0.09378313410979,
      "role": "background"
    }
  ],
  "descriptors": {
    "d0_m": 8.056372837716122,
    "heading_diff_deg": 16.000906192911117,
    "bearing_deg": -164.87373093842274,
    "boundary_margin_m": 5.230244635467347,
    "clutter_ratio": 0.011004536318993372,
    "occlusion_index": 1.0,
    "detour_factor": 1.2614000000000003,
    "homotopy_count": 3.0,
    "dock_zone_clearance_m": 0.0,
    "staging_shift_required_m": 1.4369999999999998,
    "capture_constraint_index": 0.676349840321891
  },
  "quality": {
    "valid": true,
    "label_fidelity": true,
    "diversity_score": 1.0,
    "balance_score": 0.16666666666666663,
    "scene_quality_score": 0.75,
    "raw_diversity_distance": 1.003025886204349
  },
  "audit": {
    "direct_los_blocked": true,
    "large_obstacle_present": false,
    "stage_plan": {
      "leader_goal": {
        "vehicle_id": 2,
        "x": -4.503671060425578,
        "y": 0.39142009658030297,
        "yaw": 0.25675280997288075,
        "v": 0.0,
        "delta": 0.0,
        "mode": "FREE"
      },
      "follower_goal": {
        "vehicle_id": 1,
        "x": -8.26325392218877,
        "y": -0.5956491540482883,
        "yaw": 0.25675280997288075,
        "v": 0.0,
        "delta": 0.0,
        "mode": "DOCKING"
      },
      "leader_path_xy": [
        [
          -5.893565727869289,
          0.02650666381640132
        ],
        [
          -4.503671060425578,
          0.39142009658030297
        ]
      ],
      "follower_path_xy": [
        [
          -14.25574388358039,
          -4.769755364532653
        ],
        [
          -8.26325392218877,
          -0.5956491540482883
        ]
      ],
      "score": 2.6984000000000004,
      "reason": "heuristic_descriptor_estimate"
    }
  },
  "scenario": {
    "seed": 20560978,
    "style": "extension_critical",
    "planner_seed": 20561075,
    "obstacles": [
      {
        "x": -8.843585724879254,
        "y": -0.7480138441376002,
        "width": 1.5,
        "height": 2.55,
        "yaw": 0.25675280997288075
      },
      {
        "x": -7.170369272143182,
        "y": 1.345511102523727,
        "width": 1.0,
        "height": 1.3,
        "yaw": 0.3265659800526539
      },
      {
        "x": 10.45051022158826,
        "y": -4.313665967062899,
        "width": 1.081234592781263,
        "height": 1.6890038607010291,
        "yaw": 0.5749057628672177
      },
      {
        "x": 7.929781719695107,
        "y": -3.90518760938852,
        "width": 1.4121237287787434,
        "height": 1.3117969876943292,
        "yaw": 0.09378313410979
      }
    ],
    "leader": {
      "vehicle_id": 2,
      "x": -5.893565727869289,
      "y": 0.02650666381640132,
      "yaw": 0.25675280997288075,
      "v": 0.0,
      "delta": 0.0,
      "mode": "FREE"
    },
    "follower": {
      "vehicle_id": 1,
      "x": -14.25574388358039,
      "y": -4.769755364532653,
      "yaw": 0.5360213063419308,
      "v": 0.0,
      "delta": 0.0,
      "mode": "DOCKING"
    },
    "leader_relocation_m": 1.4369999999999998,
    "follower_detour_ratio": 1.2614000000000003,
    "direct_los_blocked": true,
    "large_obstacle_present": false,
    "subset_tag": "Extension-Critical"
  }
}