{
  "schema_version": "dockbench-v1.0",
  "scene_id": "DBv1-SC-L3-033",
  "split": "test",
  "family": "SC",
  "difficulty": "L3",
  "generator_version": "dock_sgen_1.1",
  "max_time_s": 32.0,
  "map": {
    "width_m": 40.0,
    "height_m": 20.0,
    "resolution_m": 0.05
  },
  "leader": {
    "x": 10.687838118666152,
    "y": -0.8562144407051226,
    "yaw": -0.0171577791322986
  },
  "follower": {
    "x": 0.9894314168937832,
    "y": -0.2510986004798069,
    "yaw": 0.08825883646855917
  },
  "obstacles": [
    {
      "x": 6.001466785816842,
      "y": -1.0647884380025097,
      "width": 0.6400000000000001,
      "height": 1.34,
      "yaw": -0.062312549255438505,
      "role": "screen"
    },
    {
      "x": 7.006541405193442,
      "y": 1.9942335914886637,
      "width": 1.4099966737810654,
      "height": 1.4795901367518351,
      "yaw": 0.41910613951916476,
      "role": "background"
    },
    {
      "x": -14.447961438958057,
      "y": 6.541893944660554,
      "width": 1.2741037632503112,
      "height": 1.437211381690998,
      "yaw": 0.08271222216740015,
      "role": "background"
    }
  ],
  "descriptors": {
    "d0_m": 8.133022235890603,
    "heading_diff_deg": 6.039927164482103,
    "bearing_deg": 177.4128222470607,
    "boundary_margin_m": 9.143785559294876,
    "clutter_ratio": 0.0059687170017225484,
    "occlusion_index": 1.0,
    "detour_factor": 1.1196000000000002,
    "homotopy_count": 2.0,
    "dock_zone_clearance_m": 1.437309123374144,
    "staging_shift_required_m": 0.268,
    "capture_constraint_index": 0.0990658275817585,
    "corridor_width_min_m": 0.0,
    "bottleneck_ratio": 0.0,
    "corridor_turn_deg_max": 0.0,
    "branch_count": 0.0,
    "drivable_area_ratio": 1.0,
    "off_lane_shortcut_gap_m": 0.0,
    "leader_reverse_turn_required": 0.0,
    "leader_micro_adjust_budget_m": 0.0
  },
  "quality": {
    "valid": true,
    "label_fidelity": true,
    "lane_fidelity": true,
    "diversity_score": 1.0,
    "balance_score": 0.6666666666666667,
    "scene_quality_score": 0.8999999999999999,
    "raw_diversity_distance": 1.967692463707018
  },
  "lane": {},
  "audit": {
    "direct_los_blocked": true,
    "large_obstacle_present": false,
    "stage_plan": {
      "leader_goal": {
        "vehicle_id": 2,
        "x": 10.955798671456346,
        "y": -0.860812499901527,
        "yaw": -0.0171577791322986,
        "v": 0.0,
        "delta": 0.0,
        "mode": "FREE"
      },
      "follower_goal": {
        "vehicle_id": 1,
        "x": 8.238198736815498,
        "y": -0.8141799443200828,
        "yaw": -0.0171577791322986,
        "v": 0.0,
        "delta": 0.0,
        "mode": "DOCKING"
      },
      "leader_path_xy": [
        [
          10.687838118666152,
          -0.8562144407051226
        ],
        [
          10.955798671456346,
          -0.860812499901527
        ]
      ],
      "follower_path_xy": [
        [
          0.9894314168937832,
          -0.2510986004798069
        ],
        [
          8.238198736815498,
          -0.8141799443200828
        ]
      ],
      "score": 1.3876000000000002,
      "reason": "heuristic_descriptor_estimate"
    },
    "lane_fidelity": true,
    "off_lane_shortcut_gap_m": 0.0,
    "leader_reverse_turn_required": 0.0
  },
  "scenario": {
    "seed": 20380585,
    "style": "switching_critical",
    "planner_seed": 20380682,
    "obstacles": [
      {
        "x": 6.001466785816842,
        "y": -1.0647884380025097,
        "width": 0.6400000000000001,
        "height": 1.34,
        "yaw": -0.062312549255438505
      },
      {
        "x": 7.006541405193442,
        "y": 1.9942335914886637,
        "width": 1.4099966737810654,
        "height": 1.4795901367518351,
        "yaw": 0.41910613951916476
      },
      {
        "x": -14.447961438958057,
        "y": 6.541893944660554,
        "width": 1.2741037632503112,
        "height": 1.437211381690998,
        "yaw": 0.08271222216740015
      }
    ],
    "leader": {
      "vehicle_id": 2,
      "x": 10.687838118666152,
      "y": -0.8562144407051226,
      "yaw": -0.0171577791322986,
      "v": 0.0,
      "delta": 0.0,
      "mode": "FREE"
    },
    "follower": {
      "vehicle_id": 1,
      "x": 0.9894314168937832,
      "y": -0.2510986004798069,
      "yaw": 0.08825883646855917,
      "v": 0.0,
      "delta": 0.0,
      "mode": "DOCKING"
    },
    "leader_relocation_m": 0.268,
    "follower_detour_ratio": 1.1196000000000002,
    "direct_los_blocked": true,
    "large_obstacle_present": false,
    "subset_tag": "Switching-Critical",
    "lane_constrained": false
  }
}