{
  "schema_version": "dockbench-v1.0",
  "scene_id": "DBv1-SC-L3-031",
  "split": "tuning",
  "family": "SC",
  "difficulty": "L3",
  "generator_version": "dock_sgen_1.1",
  "max_time_s": 38.0,
  "map": {
    "width_m": 40.0,
    "height_m": 20.0,
    "resolution_m": 0.05
  },
  "leader": {
    "x": 10.592673292428133,
    "y": 0.4479282175892618,
    "yaw": -0.01650003864244809
  },
  "follower": {
    "x": 0.7824490463066756,
    "y": 0.02120006704648464,
    "yaw": -0.08654085686977907
  },
  "obstacles": [
    {
      "x": 5.905494261357427,
      "y": -0.25642893918646925,
      "width": 0.66,
      "height": 1.2600000000000002,
      "yaw": 0.043470904144203064,
      "role": "screen"
    },
    {
      "x": -14.572299731879284,
      "y": 0.7439234194302102,
      "width": 1.0310671913204639,
      "height": 0.8249594941417571,
      "yaw": -0.09343879706139646,
      "role": "background"
    },
    {
      "x": -6.4690879917477595,
      "y": 0.5414861343068136,
      "width": 1.0037254288525168,
      "height": 1.3586246934402424,
      "yaw": -0.2810394808284999,
      "role": "background"
    }
  ],
  "descriptors": {
    "d0_m": 8.231898418231244,
    "heading_diff_deg": 4.013043278069028,
    "bearing_deg": -176.56391808490437,
    "boundary_margin_m": 9.407326707571867,
    "clutter_ratio": 0.003807343527063524,
    "occlusion_index": 1.0,
    "detour_factor": 1.1196000000000002,
    "homotopy_count": 2.0,
    "dock_zone_clearance_m": 1.4791780606076674,
    "staging_shift_required_m": 0.268,
    "capture_constraint_index": 0.08053431776312467,
    "corridor_width_min_m": 0.0,
    "bottleneck_ratio": 0.0,
    "corridor_turn_deg_max": 0.0,
    "branch_count": 0.0,
    "drivable_area_ratio": 1.0,
    "off_lane_shortcut_gap_m": 0.0,
    "leader_reverse_turn_required": 0.0,
    "leader_micro_adjust_budget_m": 0.0
  },
  "quality": {
    "valid": true,
    "label_fidelity": true,
    "lane_fidelity": true,
    "diversity_score": 1.0,
    "balance_score": 1.0,
    "scene_quality_score": 1.0,
    "raw_diversity_distance": 9.0
  },
  "lane": {},
  "audit": {
    "direct_los_blocked": true,
    "large_obstacle_present": false,
    "stage_plan": {
      "leader_goal": {
        "vehicle_id": 2,
        "x": 10.86063681158493,
        "y": 0.4435064078800141,
        "yaw": -0.01650003864244809,
        "v": 0.0,
        "delta": 0.0,
        "mode": "FREE"
      },
      "follower_goal": {
        "vehicle_id": 1,
        "x": 8.14300679267383,
        "y": 0.4883514779909664,
        "yaw": -0.01650003864244809,
        "v": 0.0,
        "delta": 0.0,
        "mode": "DOCKING"
      },
      "leader_path_xy": [
        [
          10.592673292428133,
          0.4479282175892618
        ],
        [
          10.86063681158493,
          0.4435064078800141
        ]
      ],
      "follower_path_xy": [
        [
          0.7824490463066756,
          0.02120006704648464
        ],
        [
          8.14300679267383,
          0.4883514779909664
        ]
      ],
      "score": 1.3876000000000002,
      "reason": "heuristic_descriptor_estimate"
    },
    "lane_fidelity": true,
    "off_lane_shortcut_gap_m": 0.0,
    "leader_reverse_turn_required": 0.0
  },
  "scenario": {
    "seed": 20380323,
    "style": "switching_critical",
    "planner_seed": 20380420,
    "obstacles": [
      {
        "x": 5.905494261357427,
        "y": -0.25642893918646925,
        "width": 0.66,
        "height": 1.2600000000000002,
        "yaw": 0.043470904144203064
      },
      {
        "x": -14.572299731879284,
        "y": 0.7439234194302102,
        "width": 1.0310671913204639,
        "height": 0.8249594941417571,
        "yaw": -0.09343879706139646
      },
      {
        "x": -6.4690879917477595,
        "y": 0.5414861343068136,
        "width": 1.0037254288525168,
        "height": 1.3586246934402424,
        "yaw": -0.2810394808284999
      }
    ],
    "leader": {
      "vehicle_id": 2,
      "x": 10.592673292428133,
      "y": 0.4479282175892618,
      "yaw": -0.01650003864244809,
      "v": 0.0,
      "delta": 0.0,
      "mode": "FREE"
    },
    "follower": {
      "vehicle_id": 1,
      "x": 0.7824490463066756,
      "y": 0.02120006704648464,
      "yaw": -0.08654085686977907,
      "v": 0.0,
      "delta": 0.0,
      "mode": "DOCKING"
    },
    "leader_relocation_m": 0.268,
    "follower_detour_ratio": 1.1196000000000002,
    "direct_los_blocked": true,
    "large_obstacle_present": false,
    "subset_tag": "Switching-Critical",
    "lane_constrained": false
  }
}