{
  "schema_version": "dockbench-v1.0",
  "scene_id": "DBv1-FC-L1-041",
  "split": "test",
  "family": "FC",
  "difficulty": "L1",
  "generator_version": "dock_sgen_1.1",
  "max_time_s": 24.0,
  "map": {
    "width_m": 40.0,
    "height_m": 20.0,
    "resolution_m": 0.05
  },
  "leader": {
    "x": 7.755044707476161,
    "y": 1.5450810934565675,
    "yaw": 0.13100083217484404
  },
  "follower": {
    "x": 1.0726975619903563,
    "y": 0.6576260609492535,
    "yaw": 0.3009125469748787
  },
  "obstacles": [
    {
      "x": 5.345130563596135,
      "y": 2.4581056381030972,
      "width": 1.2799999999999998,
      "height": 0.27999999999999997,
      "yaw": 0.19208735599464558,
      "role": "dock_zone"
    },
    {
      "x": 5.663859137160627,
      "y": 0.039012399636761286,
      "width": 1.2799999999999998,
      "height": 0.27999999999999997,
      "yaw": 0.0699143083550425,
      "role": "dock_zone"
    }
  ],
  "descriptors": {
    "d0_m": 5.160983038933896,
    "heading_diff_deg": 9.735224147872511,
    "bearing_deg": -179.94084611989328,
    "boundary_margin_m": 8.454918906543433,
    "clutter_ratio": 0.0008959999999999997,
    "occlusion_index": 0.0,
    "detour_factor": 1.131,
    "homotopy_count": 1.0,
    "dock_zone_clearance_m": 0.8610039033205444,
    "staging_shift_required_m": 0.261,
    "capture_constraint_index": 0.15976004464278656,
    "corridor_width_min_m": 0.0,
    "bottleneck_ratio": 0.0,
    "corridor_turn_deg_max": 0.0,
    "branch_count": 0.0,
    "drivable_area_ratio": 1.0,
    "off_lane_shortcut_gap_m": 0.0,
    "leader_reverse_turn_required": 0.0,
    "leader_micro_adjust_budget_m": 0.0
  },
  "quality": {
    "valid": true,
    "label_fidelity": true,
    "lane_fidelity": true,
    "diversity_score": 0.15548954960038622,
    "balance_score": 0.33333333333333337,
    "scene_quality_score": 0.20884268472027034,
    "raw_diversity_distance": 0.027988118928069516
  },
  "lane": {},
  "audit": {
    "direct_los_blocked": false,
    "large_obstacle_present": false,
    "stage_plan": {
      "leader_goal": {
        "vehicle_id": 2,
        "x": 8.01380836945965,
        "y": 1.579174600710802,
        "yaw": 0.13100083217484404,
        "v": 0.0,
        "delta": 0.0,
        "mode": "FREE"
      },
      "follower_goal": {
        "vehicle_id": 1,
        "x": 5.326037152458734,
        "y": 1.225046255246319,
        "yaw": 0.13100083217484404,
        "v": 0.0,
        "delta": 0.0,
        "mode": "DOCKING"
      },
      "leader_path_xy": [
        [
          7.755044707476161,
          1.5450810934565675
        ],
        [
          8.01380836945965,
          1.579174600710802
        ]
      ],
      "follower_path_xy": [
        [
          1.0726975619903563,
          0.6576260609492535
        ],
        [
          5.326037152458734,
          1.225046255246319
        ]
      ],
      "score": 1.392,
      "reason": "heuristic_descriptor_estimate"
    },
    "lane_fidelity": true,
    "off_lane_shortcut_gap_m": 0.0,
    "leader_reverse_turn_required": 0.0
  },
  "scenario": {
    "seed": 20460847,
    "style": "funnel_critical",
    "planner_seed": 20460944,
    "obstacles": [
      {
        "x": 5.345130563596135,
        "y": 2.4581056381030972,
        "width": 1.2799999999999998,
        "height": 0.27999999999999997,
        "yaw": 0.19208735599464558
      },
      {
        "x": 5.663859137160627,
        "y": 0.039012399636761286,
        "width": 1.2799999999999998,
        "height": 0.27999999999999997,
        "yaw": 0.0699143083550425
      }
    ],
    "leader": {
      "vehicle_id": 2,
      "x": 7.755044707476161,
      "y": 1.5450810934565675,
      "yaw": 0.13100083217484404,
      "v": 0.0,
      "delta": 0.0,
      "mode": "FREE"
    },
    "follower": {
      "vehicle_id": 1,
      "x": 1.0726975619903563,
      "y": 0.6576260609492535,
      "yaw": 0.3009125469748787,
      "v": 0.0,
      "delta": 0.0,
      "mode": "DOCKING"
    },
    "leader_relocation_m": 0.261,
    "follower_detour_ratio": 1.131,
    "direct_los_blocked": false,
    "large_obstacle_present": false,
    "subset_tag": "Funnel-Critical",
    "lane_constrained": false
  }
}