{
  "schema_version": "dockbench-v1.0",
  "scene_id": "DBv1-LC-L1-075",
  "split": "test",
  "family": "LC",
  "difficulty": "L1",
  "generator_version": "dock_sgen_1.1",
  "max_time_s": 26.0,
  "map": {
    "width_m": 40.0,
    "height_m": 20.0,
    "resolution_m": 0.05
  },
  "leader": {
    "x": 4.427839937826892,
    "y": 1.4112985940469247,
    "yaw": 0.12122014821438283
  },
  "follower": {
    "x": -2.125325971235786,
    "y": -0.051734027028440946,
    "yaw": 0.0
  },
  "obstacles": [
    {
      "x": -4.0,
      "y": -1.3425002955386558,
      "width": 25.0,
      "height": 0.34,
      "yaw": 0.0,
      "role": "channel"
    },
    {
      "x": -6.4425808951502415,
      "y": 1.147499704461344,
      "width": 20.114838209699517,
      "height": 0.34,
      "yaw": 0.0,
      "role": "channel"
    },
    {
      "x": 7.457419104849758,
      "y": 1.147499704461344,
      "width": 2.085161790300484,
      "height": 0.34,
      "yaw": 0.0,
      "role": "channel"
    },
    {
      "x": 5.0148382096995165,
      "y": 2.122499704461344,
      "width": 2.8,
      "height": 0.34,
      "yaw": 0.0,
      "role": "hybrid"
    }
  ],
  "descriptors": {
    "d0_m": 5.15274469340209,
    "heading_diff_deg": 6.9454028846344285,
    "bearing_deg": -174.3601720108328,
    "boundary_margin_m": 8.588701405953076,
    "clutter_ratio": 0.02125,
    "occlusion_index": 0.6529411764705882,
    "detour_factor": 1.1570731707317075,
    "homotopy_count": 2.0,
    "dock_zone_clearance_m": 0.0,
    "staging_shift_required_m": 1.3437863396555199,
    "capture_constraint_index": 0.38812303118769664,
    "corridor_width_min_m": 2.15,
    "bottleneck_ratio": 0.524390243902439,
    "corridor_turn_deg_max": 19.000690076936795,
    "branch_count": 1.0,
    "drivable_area_ratio": 0.0706,
    "off_lane_shortcut_gap_m": 2.069601837252441,
    "leader_reverse_turn_required": 0.0,
    "leader_micro_adjust_budget_m": 1.64378633965552
  },
  "quality": {
    "valid": true,
    "label_fidelity": true,
    "lane_fidelity": true,
    "diversity_score": 1.0,
    "balance_score": 0.6666666666666667,
    "scene_quality_score": 0.8999999999999999,
    "raw_diversity_distance": 1.9819273806068423
  },
  "lane": {
    "enabled": true,
    "category": "LC",
    "corridor_polygons": [
      [
        [
          8.5,
          0.977499704461344
        ],
        [
          8.5,
          -1.1725002955386559
        ],
        [
          -16.5,
          -1.1725002955386559
        ],
        [
          -16.5,
          0.977499704461344
        ]
      ],
      [
        [
          6.414838209699516,
          1.952499704461344
        ],
        [
          6.414838209699516,
          0.977499704461344
        ],
        [
          3.6148382096995166,
          0.977499704461344
        ],
        [
          3.6148382096995166,
          1.952499704461344
        ]
      ]
    ],
    "centerline": [
      [
        -16.5,
        -0.09750029553865591
      ],
      [
        5.0148382096995165,
        -0.09750029553865591
      ],
      [
        8.5,
        -0.09750029553865591
      ]
    ],
    "width_profile_m": [
      2.15,
      4.1,
      2.15
    ],
    "branch_count": 1,
    "bottleneck_ratio": 0.524390243902439,
    "corridor_width_min_m": 2.15,
    "corridor_turn_deg_max": 19.000690076936795,
    "drivable_area_ratio": 0.0706,
    "leader_reverse_turn_required": 0.0,
    "leader_micro_adjust_budget_m": 1.64378633965552,
    "heading_gap_regime": "small",
    "bay_depth_m": 0.975,
    "leader_stage_anchor_xy": [
      5.0148382096995165,
      0.20249970446134408
    ],
    "leader_stage_anchor_yaw": 0.0,
    "leader_stage_path_xy": [
      [
        4.427839937826892,
        1.4112985940469247
      ],
      [
        4.427839937826892,
        1.2098321124493279
      ],
      [
        4.427839937826892,
        1.0083656308517313
      ],
      [
        4.427839937826892,
        0.8068991492541344
      ],
      [
        4.427839937826892,
        0.6054326676565376
      ],
      [
        4.427839937826892,
        0.40396618605894097
      ],
      [
        4.427839937826892,
        0.20249970446134408
      ],
      [
        4.574589505795048,
        0.20249970446134408
      ],
      [
        4.721339073763204,
        0.20249970446134408
      ],
      [
        4.868088641731361,
        0.20249970446134408
      ],
      [
        5.0148382096995165,
        0.20249970446134408
      ]
    ],
    "follower_stage_path_xy": [
      [
        -2.125325971235786,
        -0.051734027028440946
      ],
      [
        -1.5515554486188734,
        -0.05745481059221782
      ],
      [
        -0.9777849260019604,
        -0.06317559415599469
      ],
      [
        -0.40401440338504746,
        -0.06889637771977156
      ],
      [
        0.1697561192318653,
        -0.07461716128354842
      ],
      [
        0.7435266418487781,
        -0.0803379448473253
      ],
      [
        1.317297164465691,
        -0.08605872841110217
      ],
      [
        1.8910676870826042,
        -0.09177951197487905
      ],
      [
        2.4648382096995167,
        -0.09750029553865591
      ],
      [
        2.4648382096995167,
        -0.022500295538655915
      ],
      [
        2.4648382096995167,
        0.05249970446134408
      ],
      [
        2.4648382096995167,
        0.12749970446134407
      ],
      [
        2.4648382096995167,
        0.20249970446134408
      ]
    ],
    "corridor_entry_xy": [
      5.0148382096995165,
      -0.09750029553865591
    ],
    "off_lane_shortcut_gap_m": 2.069601837252441,
    "lane_fidelity": true
  },
  "audit": {
    "direct_los_blocked": true,
    "large_obstacle_present": true,
    "stage_plan": {
      "leader_goal": {
        "vehicle_id": 2,
        "x": 4.917022559564588,
        "y": 1.4708895532541082,
        "yaw": 0.12122014821438283,
        "v": 0.0,
        "delta": 0.0,
        "mode": "FREE"
      },
      "follower_goal": {
        "vehicle_id": 1,
        "x": 1.9958184537719217,
        "y": 1.1150360397221208,
        "yaw": 0.12122014821438283,
        "v": 0.0,
        "delta": 0.0,
        "mode": "DOCKING"
      },
      "leader_path_xy": [
        [
          4.427839937826892,
          1.4112985940469247
        ],
        [
          4.917022559564588,
          1.4708895532541082
        ]
      ],
      "follower_path_xy": [
        [
          -2.125325971235786,
          -0.051734027028440946
        ],
        [
          1.9958184537719217,
          1.1150360397221208
        ]
      ],
      "score": 1.649872034193665,
      "reason": "heuristic_descriptor_estimate"
    },
    "lane_fidelity": true,
    "off_lane_shortcut_gap_m": 2.069601837252441,
    "leader_reverse_turn_required": 0.0
  },
  "scenario": {
    "seed": 20660585,
    "style": "lane_constrained",
    "planner_seed": 20660682,
    "obstacles": [
      {
        "x": -4.0,
        "y": -1.3425002955386558,
        "width": 25.0,
        "height": 0.34,
        "yaw": 0.0
      },
      {
        "x": -6.4425808951502415,
        "y": 1.147499704461344,
        "width": 20.114838209699517,
        "height": 0.34,
        "yaw": 0.0
      },
      {
        "x": 7.457419104849758,
        "y": 1.147499704461344,
        "width": 2.085161790300484,
        "height": 0.34,
        "yaw": 0.0
      },
      {
        "x": 5.0148382096995165,
        "y": 2.122499704461344,
        "width": 2.8,
        "height": 0.34,
        "yaw": 0.0
      }
    ],
    "leader": {
      "vehicle_id": 2,
      "x": 4.427839937826892,
      "y": 1.4112985940469247,
      "yaw": 0.12122014821438283,
      "v": 0.0,
      "delta": 0.0,
      "mode": "FREE"
    },
    "follower": {
      "vehicle_id": 1,
      "x": -2.125325971235786,
      "y": -0.051734027028440946,
      "yaw": 0.0,
      "v": 0.0,
      "delta": 0.0,
      "mode": "DOCKING"
    },
    "leader_relocation_m": 1.3437863396555199,