{
  "schema_version": "dockbench-v1.0",
  "scene_id": "DBv1-FC-L1-039",
  "split": "test",
  "family": "FC",
  "difficulty": "L1",
  "generator_version": "dock_sgen_1.0",
  "max_time_s": 24.0,
  "map": {
    "width_m": 40.0,
    "height_m": 20.0,
    "resolution_m": 0.05
  },
  "leader": {
    "x": 7.28763470109856,
    "y": -2.0764702058722078,
    "yaw": 0.05999050303796727
  },
  "follower": {
    "x": 0.5177314404716649,
    "y": -1.9750554349046763,
    "yaw": -0.07751996876557982
  },
  "obstacles": [
    {
      "x": 4.948573660380537,
      "y": -0.9947616278369213,
      "width": 1.2799999999999998,
      "height": 0.27999999999999997,
      "yaw": 0.1210770268577688,
      "role": "dock_zone"
    },
    {
      "x": 5.094862705294569,
      "y": -3.430372334690161,
      "width": 1.2799999999999998,
      "height": 0.27999999999999997,
      "yaw": -0.001096020781834274,
      "role": "dock_zone"
    }
  ],
  "descriptors": {
    "d0_m": 5.17431592359334,
    "heading_diff_deg": 7.87876967319596,
    "bearing_deg": 175.70455707104645,
    "boundary_margin_m": 7.923529794127792,
    "clutter_ratio": 0.0008959999999999997,
    "occlusion_index": 0.0,
    "detour_factor": 1.131,
    "homotopy_count": 1.0,
    "dock_zone_clearance_m": 0.8610039033205438,
    "staging_shift_required_m": 0.261,
    "capture_constraint_index": 0.17142273565523997
  },
  "quality": {
    "valid": true,
    "label_fidelity": true,
    "diversity_score": 0.14300515116081344,
    "balance_score": 0.6666666666666667,
    "scene_quality_score": 0.3001036058125694,
    "raw_diversity_distance": 0.02574092720894642
  },
  "audit": {
    "direct_los_blocked": false,
    "large_obstacle_present": false,
    "stage_plan": {
      "leader_goal": {
        "vehicle_id": 2,
        "x": 7.5481651906431075,
        "y": -2.0608220744285344,
        "yaw": 0.05999050303796727,
        "v": 0.0,
        "delta": 0.0,
        "mode": "FREE"
      },
      "follower_goal": {
        "vehicle_id": 1,
        "x": 4.84204198315166,
        "y": -2.2233587960522816,
        "yaw": 0.05999050303796727,
        "v": 0.0,
        "delta": 0.0,
        "mode": "DOCKING"
      },
      "leader_path_xy": [
        [
          7.28763470109856,
          -2.0764702058722078
        ],
        [
          7.5481651906431075,
          -2.0608220744285344
        ]
      ],
      "follower_path_xy": [
        [
          0.5177314404716649,
          -1.9750554349046763
        ],
        [
          4.84204198315166,
          -2.2233587960522816
        ]
      ],
      "score": 1.392,
      "reason": "heuristic_descriptor_estimate"
    }
  },
  "scenario": {
    "seed": 20460585,
    "style": "funnel_critical",
    "planner_seed": 20460682,
    "obstacles": [
      {
        "x": 4.948573660380537,
        "y": -0.9947616278369213,
        "width": 1.2799999999999998,
        "height": 0.27999999999999997,
        "yaw": 0.1210770268577688
      },
      {
        "x": 5.094862705294569,
        "y": -3.430372334690161,
        "width": 1.2799999999999998,
        "height": 0.27999999999999997,
        "yaw": -0.001096020781834274
      }
    ],
    "leader": {
      "vehicle_id": 2,
      "x": 7.28763470109856,
      "y": -2.0764702058722078,
      "yaw": 0.05999050303796727,
      "v": 0.0,
      "delta": 0.0,
      "mode": "FREE"
    },
    "follower": {
      "vehicle_id": 1,
      "x": 0.5177314404716649,
      "y": -1.9750554349046763,
      "yaw": -0.07751996876557982,
      "v": 0.0,
      "delta": 0.0,
      "mode": "DOCKING"
    },
    "leader_relocation_m": 0.261,
    "follower_detour_ratio": 1.131,
    "direct_los_blocked": false,
    "large_obstacle_present": false,
    "subset_tag": "Funnel-Critical"
  }
}