{
  "schema_version": "dockbench-v1.0",
  "scene_id": "DBv1-SC-L3-034",
  "split": "test",
  "family": "SC",
  "difficulty": "L3",
  "generator_version": "dock_sgen_1.0",
  "max_time_s": 32.0,
  "map": {
    "width_m": 40.0,
    "height_m": 20.0,
    "resolution_m": 0.05
  },
  "leader": {
    "x": 8.590649186930236,
    "y": -2.6642536956160017,
    "yaw": 0.0073201089919374684
  },
  "follower": {
    "x": -1.4599976535063952,
    "y": -1.9736066485377426,
    "yaw": 0.19435472802087986
  },
  "obstacles": [
    {
      "x": 3.7320611988564045,
      "y": -2.831566781937618,
      "width": 0.6400000000000001,
      "height": 1.34,
      "yaw": -0.06860882223214759,
      "role": "screen"
    },
    {
      "x": -2.7911405558337385,
      "y": -7.413256029164259,
      "width": 1.4832010506720064,
      "height": 1.2269482022796094,
      "yaw": 0.1726896742141748,
      "role": "background"
    },
    {
      "x": 12.654120344446522,
      "y": -2.8506448870518533,
      "width": 0.8905662336208497,
      "height": 0.8681440240929084,
      "yaw": 0.5650977066962793,
      "role": "background"
    }
  ],
  "descriptors": {
    "d0_m": 8.521688988747997,
    "heading_diff_deg": 10.71629429319564,
    "bearing_deg": 175.64959269792084,
    "boundary_margin_m": 7.335746304383998,
    "clutter_ratio": 0.004313188270647646,
    "occlusion_index": 1.0,
    "detour_factor": 1.1196000000000002,
    "homotopy_count": 2.0,
    "dock_zone_clearance_m": 1.6140398489899823,
    "staging_shift_required_m": 0.268,
    "capture_constraint_index": 0.1654465594832591
  },
  "quality": {
    "valid": true,
    "label_fidelity": true,
    "diversity_score": 0.4690845534131734,
    "balance_score": 0.5,
    "scene_quality_score": 0.47835918738922134,
    "raw_diversity_distance": 0.08443521961437121
  },
  "audit": {
    "direct_los_blocked": true,
    "large_obstacle_present": false,
    "stage_plan": {
      "leader_goal": {
        "vehicle_id": 2,
        "x": 8.85864200670688,
        "y": -2.6622919239261997,
        "yaw": 0.0073201089919374684,
        "v": 0.0,
        "delta": 0.0,
        "mode": "FREE"
      },
      "follower_goal": {
        "vehicle_id": 1,
        "x": 6.140714827031807,
        "y": -2.68218780248173,
        "yaw": 0.0073201089919374684,
        "v": 0.0,
        "delta": 0.0,
        "mode": "DOCKING"
      },
      "leader_path_xy": [
        [
          8.590649186930236,
          -2.6642536956160017
        ],
        [
          8.85864200670688,
          -2.6622919239261997
        ]
      ],
      "follower_path_xy": [
        [
          -1.4599976535063952,
          -1.9736066485377426
        ],
        [
          6.140714827031807,
          -2.68218780248173
        ]
      ],
      "score": 1.3876000000000002,
      "reason": "heuristic_descriptor_estimate"
    }
  },
  "scenario": {
    "seed": 20380716,
    "style": "switching_critical",
    "planner_seed": 20380813,
    "obstacles": [
      {
        "x": 3.7320611988564045,
        "y": -2.831566781937618,
        "width": 0.6400000000000001,
        "height": 1.34,
        "yaw": -0.06860882223214759
      },
      {
        "x": -2.7911405558337385,
        "y": -7.413256029164259,
        "width": 1.4832010506720064,
        "height": 1.2269482022796094,
        "yaw": 0.1726896742141748
      },
      {
        "x": 12.654120344446522,
        "y": -2.8506448870518533,
        "width": 0.8905662336208497,
        "height": 0.8681440240929084,
        "yaw": 0.5650977066962793
      }
    ],
    "leader": {
      "vehicle_id": 2,
      "x": 8.590649186930236,
      "y": -2.6642536956160017,
      "yaw": 0.0073201089919374684,
      "v": 0.0,
      "delta": 0.0,
      "mode": "FREE"
    },
    "follower": {
      "vehicle_id": 1,
      "x": -1.4599976535063952,
      "y": -1.9736066485377426,
      "yaw": 0.19435472802087986,
      "v": 0.0,
      "delta": 0.0,
      "mode": "DOCKING"
    },
    "leader_relocation_m": 0.268,
    "follower_detour_ratio": 1.1196000000000002,
    "direct_los_blocked": true,
    "large_obstacle_present": false,
    "subset_tag": "Switching-Critical"
  }
}