{
  "schema_version": "dockbench-v1.0",
  "scene_id": "DBv1-LC-L2-083",
  "split": "test",
  "family": "LC",
  "difficulty": "L2",
  "generator_version": "dock_sgen_1.1",
  "max_time_s": 32.0,
  "map": {
    "width_m": 40.0,
    "height_m": 20.0,
    "resolution_m": 0.05
  },
  "leader": {
    "x": 4.3166281755080895,
    "y": -1.0486273477172272,
    "yaw": -0.4724063432661737
  },
  "follower": {
    "x": -2.6718288879244954,
    "y": 0.1888446696198785,
    "yaw": 0.0
  },
  "obstacles": [
    {
      "x": -4.0,
      "y": 1.2370154899971582,
      "width": 25.0,
      "height": 0.34,
      "yaw": 0.0,
      "role": "channel"
    },
    {
      "x": -6.9019203716391555,
      "y": -0.8529845100028418,
      "width": 19.19615925672169,
      "height": 0.34,
      "yaw": 0.0,
      "role": "channel"
    },
    {
      "x": 7.248079628360844,
      "y": -0.8529845100028418,
      "width": 2.503840743278312,
      "height": 0.34,
      "yaw": 0.0,
      "role": "channel"
    },
    {
      "x": 4.3461592567216885,
      "y": -2.0279845100028417,
      "width": 3.3,
      "height": 0.34,
      "yaw": 0.0,
      "role": "hybrid"
    }
  ],
  "descriptors": {
    "d0_m": 5.534937616327761,
    "heading_diff_deg": 27.066889684360163,
    "bearing_deg": -162.97459932214713,
    "boundary_margin_m": 8.951372652282773,
    "clutter_ratio": 0.021250000000000005,
    "occlusion_index": 0.0,
    "detour_factor": 1.1687804878048782,
    "homotopy_count": 2.0,
    "dock_zone_clearance_m": 0.2117664684852633,
    "staging_shift_required_m": 0.9411062814055677,
    "capture_constraint_index": 0.5743252436480122,
    "corridor_width_min_m": 1.75,
    "bottleneck_ratio": 0.426829268292683,
    "corridor_turn_deg_max": 33.48816057273932,
    "branch_count": 1.0,
    "drivable_area_ratio": 0.059534375,
    "off_lane_shortcut_gap_m": 1.1619218232760407,
    "leader_reverse_turn_required": 0.3863890674951209,
    "leader_micro_adjust_budget_m": 1.2411062814055678
  },
  "quality": {
    "valid": true,
    "label_fidelity": true,
    "lane_fidelity": true,
    "diversity_score": 0.6149750842923629,
    "balance_score": 0.33333333333333337,
    "scene_quality_score": 0.530482559004654,
    "raw_diversity_distance": 0.11069551517262531
  },
  "lane": {
    "enabled": true,
    "category": "LC",
    "corridor_polygons": [
      [
        [
          8.5,
          1.0670154899971582
        ],
        [
          8.5,
          -0.6829845100028418
        ],
        [
          -16.5,
          -0.6829845100028418
        ],
        [
          -16.5,
          1.0670154899971582
        ]
      ],
      [
        [
          5.996159256721688,
          -0.6829845100028418
        ],
        [
          5.996159256721688,
          -1.8579845100028416
        ],
        [
          2.6961592567216885,
          -1.8579845100028416
        ],
        [
          2.6961592567216885,
          -0.6829845100028418
        ]
      ]
    ],
    "centerline": [
      [
        -16.5,
        0.19201548999715823
      ],
      [
        4.3461592567216885,
        0.19201548999715823
      ],
      [
        8.5,
        0.19201548999715823
      ]
    ],
    "width_profile_m": [
      1.75,
      4.1,
      1.75
    ],
    "branch_count": 1,
    "bottleneck_ratio": 0.426829268292683,
    "corridor_width_min_m": 1.75,
    "corridor_turn_deg_max": 33.48816057273932,
    "drivable_area_ratio": 0.059534375,
    "leader_reverse_turn_required": 0.3863890674951209,
    "leader_micro_adjust_budget_m": 1.2411062814055678,
    "heading_gap_regime": "medium",
    "bay_depth_m": 1.175,
    "leader_stage_anchor_xy": [
      4.3461592567216885,
      -0.10798451000284176
    ],
    "leader_stage_anchor_yaw": 0.0,
    "leader_stage_path_xy": [
      [
        4.3166281755080895,
        -1.0486273477172272
      ],
      [
        4.3166281755080895,
        -0.8918535414314963
      ],
      [
        4.3166281755080895,
        -0.7350797351457655
      ],
      [
        4.3166281755080895,
        -0.5783059288600345
      ],
      [
        4.3166281755080895,
        -0.4215321225743036
      ],
      [
        4.3166281755080895,
        -0.2647583162885727
      ],
      [
        4.3166281755080895,
        -0.10798451000284176
      ],
      [
        4.324010945811489,
        -0.10798451000284176
      ],
      [
        4.3313937161148885,
        -0.10798451000284176
      ],
      [
        4.338776486418289,
        -0.10798451000284176
      ],
      [
        4.3461592567216885,
        -0.10798451000284176
      ]
    ],
    "follower_stage_path_xy": [
      [
        -2.6718288879244954,
        0.1888446696198785
      ],
      [
        -2.1133303698437222,
        0.18924102216703848
      ],
      [
        -1.5548318517629496,
        0.18963737471419845
      ],
      [
        -0.9963333336821762,
        0.1900337272613584
      ],
      [
        -0.43783481560140336,
        0.19043007980851837
      ],
      [
        0.12066370247936953,
        0.19082643235567834
      ],
      [
        0.6791622205601426,
        0.19122278490283828
      ],
      [
        1.2376607386409155,
        0.19161913744999826
      ],
      [
        1.7961592567216886,
        0.19201548999715823
      ],
      [
        1.7961592567216886,
        0.11701548999715823
      ],
      [
        1.7961592567216886,
        0.042015489997158234
      ],
      [
        1.7961592567216886,
        -0.03298451000284176
      ],
      [
        1.7961592567216886,
        -0.10798451000284176
      ]
    ],
    "corridor_entry_xy": [
      4.3461592567216885,
      0.19201548999715823
    ],
    "off_lane_shortcut_gap_m": 1.1619218232760407,
    "lane_fidelity": true
  },
  "audit": {
    "direct_los_blocked": false,
    "large_obstacle_present": true,
    "stage_plan": {
      "leader_goal": {
        "vehicle_id": 2,
        "x": 5.14964307400571,
        "y": -1.474295343785435,
        "yaw": -0.4724063432661737,
        "v": 0.0,
        "delta": 0.0,
        "mode": "FREE"
      },
      "follower_goal": {
        "vehicle_id": 1,
        "x": 2.1349622007183213,
        "y": 0.06619711130966832,
        "yaw": -0.4724063432661737,
        "v": 0.0,
        "delta": 0.0,
        "mode": "DOCKING"
      },
      "leader_path_xy": [
        [
          4.3166281755080895,
          -1.0486273477172272
        ],
        [
          5.14964307400571,
          -1.474295343785435
        ]
      ],
      "follower_path_xy": [
        [
          -2.6718288879244954,
          0.1888446696198785
        ],
        [
          2.1349622007183213,
          0.06619711130966832
        ]
      ],
      "score": 2.104252060860802,
      "reason": "heuristic_descriptor_estimate"
    },
    "lane_fidelity": true,
    "off_lane_shortcut_gap_m": 1.1619218232760407,
    "leader_reverse_turn_required": 0.3863890674951209
  },
  "scenario": {
    "seed": 20670847,
    "style": "lane_constrained",
    "planner_seed": 20670944,
    "obstacles": [
      {
        "x": -4.0,
        "y": 1.2370154899971582,
        "width": 25.0,
        "height": 0.34,
        "yaw": 0.0
      },
      {
        "x": -6.9019203716391555,
        "y": -0.8529845100028418,
        "width": 19.19615925672169,
        "height": 0.34,
        "yaw": 0.0
      },
      {
        "x": 7.248079628360844,
        "y": -0.8529845100028418,
        "width": 2.503840743278312,
        "height": 0.34,
        "yaw": 0.0
      },
      {
        "x": 4.3461592567216885,
        "y": -2.0279845100028417,
        "width": 3.3,
        "height": 0.34,
        "yaw": 0.0
      }
    ],
    "leader": {
      "vehicle_id": 2,
      "x": 4.3166281755080895,
      "y": -1.0486273477172272,
      "yaw": -0.4724063432661737,
      "v": 0.0,
      "delta": 0.0,
      "mode": "FREE"
    },
    "follower": {
      "vehicle_id": 1,
      "x": -2.6718288879244954,
      "y": 0.1888446696198785,
      "yaw": 0.0,
      "v": 0.0,