{
  "schema_version": "dockbench-v1.0",
  "scene_id": "DBv1-LC-L1-073",
  "split": "tuning",
  "family": "LC",
  "difficulty": "L1",
  "generator_version": "dock_sgen_1.1",
  "max_time_s": 24.0,
  "map": {
    "width_m": 40.0,
    "height_m": 20.0,
    "resolution_m": 0.05
  },
  "leader": {
    "x": 3.3051114190123756,
    "y": 2.003141892461294,
    "yaw": 0.24343507606007792
  },
  "follower": {
    "x": -3.8268849522410493,
    "y": 0.5117386654362923,
    "yaw": 0.0
  },
  "obstacles": [
    {
      "x": -4.0,
      "y": -0.7368581075387058,
      "width": 25.0,
      "height": 0.34,
      "yaw": 0.0,
      "role": "channel"
    },
    {
      "x": -6.987890859116671,
      "y": 1.833141892461294,
      "width": 19.024218281766657,
      "height": 0.34,
      "yaw": 0.0,
      "role": "channel"
    },
    {
      "x": 6.912109140883328,
      "y": 1.833141892461294,
      "width": 3.1757817182333437,
      "height": 0.34,
      "yaw": 0.0,
      "role": "channel"
    },
    {
      "x": 3.924218281766657,
      "y": 2.808141892461294,
      "width": 2.8,
      "height": 0.34,
      "yaw": 0.0,
      "role": "hybrid"
    }
  ],
  "descriptors": {
    "d0_m": 5.715108806041917,
    "heading_diff_deg": 13.947802443688659,
    "bearing_deg": 177.8633707139028,
    "boundary_margin_m": 7.996858107538706,
    "clutter_ratio": 0.02125,
    "occlusion_index": 0.4764705882352941,
    "detour_factor": 1.1559808612440192,
    "homotopy_count": 2.0,
    "dock_zone_clearance_m": 0.0,
    "staging_shift_required_m": 1.3104649203658403,
    "capture_constraint_index": 0.46866620614477084,
    "corridor_width_min_m": 2.23,
    "bottleneck_ratio": 0.5334928229665072,
    "corridor_turn_deg_max": 24.042417759455827,
    "branch_count": 1.0,
    "drivable_area_ratio": 0.0731,
    "off_lane_shortcut_gap_m": 2.075388763421442,
    "leader_reverse_turn_required": 0.11370798789404772,
    "leader_micro_adjust_budget_m": 1.6104649203658403
  },
  "quality": {
    "valid": true,
    "label_fidelity": true,
    "lane_fidelity": true,
    "diversity_score": 1.0,
    "balance_score": 1.0,
    "scene_quality_score": 0.72,
    "raw_diversity_distance": 9.0
  },
  "lane": {
    "enabled": true,
    "category": "LC",
    "corridor_polygons": [
      [
        [
          8.5,
          1.6631418924612942
        ],
        [
          8.5,
          -0.5668581075387058
        ],
        [
          -16.5,
          -0.5668581075387058
        ],
        [
          -16.5,
          1.6631418924612942
        ]
      ],
      [
        [
          5.324218281766656,
          2.6381418924612943
        ],
        [
          5.324218281766656,
          1.6631418924612942
        ],
        [
          2.524218281766657,
          1.6631418924612942
        ],
        [
          2.524218281766657,
          2.6381418924612943
        ]
      ]
    ],
    "centerline": [
      [
        -16.5,
        0.5481418924612942
      ],
      [
        3.924218281766657,
        0.5481418924612942
      ],
      [
        8.5,
        0.5481418924612942
      ]
    ],
    "width_profile_m": [
      2.23,
      4.18,
      2.23
    ],
    "branch_count": 1,
    "bottleneck_ratio": 0.5334928229665072,
    "corridor_width_min_m": 2.23,
    "corridor_turn_deg_max": 24.042417759455827,
    "drivable_area_ratio": 0.0731,
    "leader_reverse_turn_required": 0.11370798789404772,
    "leader_micro_adjust_budget_m": 1.6104649203658403,
    "heading_gap_regime": "small",
    "bay_depth_m": 0.975,
    "leader_stage_anchor_xy": [
      3.924218281766657,
      0.8481418924612942
    ],
    "leader_stage_anchor_yaw": 0.0,
    "leader_stage_path_xy": [
      [
        3.3051114190123756,
        2.003141892461294
      ],
      [
        3.3051114190123756,
        1.8106418924612941
      ],
      [
        3.3051114190123756,
        1.6181418924612943
      ],
      [
        3.3051114190123756,
        1.4256418924612941
      ],
      [
        3.3051114190123756,
        1.233141892461294
      ],
      [
        3.3051114190123756,
        1.0406418924612943
      ],
      [
        3.3051114190123756,
        0.8481418924612942
      ],
      [
        3.459888134700946,
        0.8481418924612942
      ],
      [
        3.6146648503895165,
        0.8481418924612942
      ],
      [
        3.7694415660780867,
        0.8481418924612942
      ],
      [
        3.924218281766657,
        0.8481418924612942
      ]
    ],
    "follower_stage_path_xy": [
      [
        -3.8268849522410493,
        0.5117386654362923
      ],
      [
        -3.1767470479900863,
        0.5162890688144176
      ],
      [
        -2.526609143739123,
        0.5208394721925428
      ],
      [
        -1.8764712394881593,
        0.525389875570668
      ],
      [
        -1.2263333352371961,
        0.5299402789487933
      ],
      [
        -0.5761954309862329,
        0.5344906823269185
      ],
      [
        0.07394247326473047,
        0.5390410857050437
      ],
      [
        0.7240803775156938,
        0.5435914890831689
      ],
      [
        1.374218281766657,
        0.5481418924612942
      ],
      [
        1.374218281766657,
        0.6231418924612941
      ],
      [
        1.374218281766657,
        0.6981418924612942
      ],
      [
        1.374218281766657,
        0.7731418924612943
      ],
      [
        1.374218281766657,
        0.8481418924612942
      ]
    ],
    "corridor_entry_xy": [
      3.924218281766657,
      0.5481418924612942
    ],
    "off_lane_shortcut_gap_m": 2.075388763421442,
    "lane_fidelity": true
  },
  "audit": {
    "direct_los_blocked": true,
    "large_obstacle_present": true,
    "stage_plan": {
      "leader_goal": {
        "vehicle_id": 2,
        "x": 3.9328911169073018,
        "y": 2.159057616121514,
        "yaw": 0.24343507606007792,
        "v": 0.0,
        "delta": 0.0,
        "mode": "FREE"
      },
      "follower_goal": {
        "vehicle_id": 1,
        "x": 0.9273479072404824,
        "y": 1.4125991911380167,
        "yaw": 0.24343507606007792,
        "v": 0.0,
        "delta": 0.0,
        "mode": "DOCKING"
      },
      "leader_path_xy": [
        [
          3.3051114190123756,
          2.003141892461294
        ],
        [
          3.9328911169073018,
          2.159057616121514
        ]
      ],
      "follower_path_xy": [
        [
          -3.8268849522410493,
          0.5117386654362923
        ],
        [
          0.9273479072404824,
          1.4125991911380167
        ]
      ],
      "score": 1.8028325150051696,
      "reason": "heuristic_descriptor_estimate"
    },
    "lane_fidelity": true,
    "off_lane_shortcut_gap_m": 2.075388763421442,
    "leader_reverse_turn_required": 0.11370798789404772
  },
  "scenario": {
    "seed": 20660323,
    "style": "lane_constrained",
    "planner_seed": 20660420,
    "obstacles": [
      {
        "x": -4.0,
        "y": -0.7368581075387058,
        "width": 25.0,
        "height": 0.34,
        "yaw": 0.0
      },
      {
        "x": -6.987890859116671,
        "y": 1.833141892461294,
        "width": 19.024218281766657,
        "height": 0.34,
        "yaw": 0.0
      },
      {
        "x": 6.912109140883328,
        "y": 1.833141892461294,
        "width": 3.1757817182333437,
        "height": 0.34,
        "yaw": 0.0
      },
      {
        "x": 3.924218281766657,
        "y": 2.808141892461294,
        "width": 2.8,
        "height": 0.34,
        "yaw": 0.0
      }
    ],
    "leader": {
      "vehicle_id": 2,
      "x": 3.3051114190123756,
      "y": 2.003141892461294,
      "yaw": 0.24343507606007792,
      "v": 0.0,
      "delta": 0.0,
      "mode": "FREE"
    },
    "follower": {
      "vehicle_id": 1,
      "x": -3.8268849522410493,
      "y": 0.5117386654362923,
      "yaw": 0.0,
      "v": 0.0,
      "delta": 0.0,
      "mode": "DOCKING"
    },
    "leader_relocation_m": 1.3104649203658403,
    "follower_detour_ratio": 1.1559808612440192,