{
  "schema_version": "dockbench-v1.0",
  "scene_id": "DBv1-LC-L2-082",
  "split": "test",
  "family": "LC",
  "difficulty": "L2",
  "generator_version": "dock_sgen_1.1",
  "max_time_s": 32.0,
  "map": {
    "width_m": 40.0,
    "height_m": 20.0,
    "resolution_m": 0.05
  },
  "leader": {
    "x": 3.548081584390756,
    "y": -0.7671632071224668,
    "yaw": -0.4306062238900034
  },
  "follower": {
    "x": -3.7306964039507995,
    "y": 0.5024820676611377,
    "yaw": 0.0
  },
  "obstacles": [
    {
      "x": -4.0,
      "y": 1.4928367928775332,
      "width": 25.0,
      "height": 0.34,
      "yaw": 0.0,
      "role": "channel"
    },
    {
      "x": -7.225520110518918,
      "y": -0.5971632071224667,
      "width": 18.548959778962164,
      "height": 0.34,
      "yaw": 0.0,
      "role": "channel"
    },
    {
      "x": 6.924479889481082,
      "y": -0.5971632071224667,
      "width": 3.151040221037835,
      "height": 0.34,
      "yaw": 0.0,
      "role": "channel"
    },
    {
      "x": 3.698959778962165,
      "y": -1.7721632071224664,
      "width": 3.3,
      "height": 0.34,
      "yaw": 0.0,
      "role": "hybrid"
    }
  ],
  "descriptors": {
    "d0_m": 5.821260127745796,
    "heading_diff_deg": 24.6719192609626,
    "bearing_deg": -165.2226963815898,
    "boundary_margin_m": 9.232836792877533,
    "clutter_ratio": 0.02125,
    "occlusion_index": 0.0,
    "detour_factor": 1.1687804878048782,
    "homotopy_count": 2.0,
    "dock_zone_clearance_m": 0.11680369198145396,
    "staging_shift_required_m": 0.9273560425193379,
    "capture_constraint_index": 0.572120820314948,
    "corridor_width_min_m": 1.75,
    "bottleneck_ratio": 0.426829268292683,
    "corridor_turn_deg_max": 31.76378186789307,
    "branch_count": 1.0,
    "drivable_area_ratio": 0.059534375,
    "off_lane_shortcut_gap_m": 1.2685320995587555,
    "leader_reverse_turn_required": 0.3406028682242849,
    "leader_micro_adjust_budget_m": 1.227356042519338
  },
  "quality": {
    "valid": true,
    "label_fidelity": true,
    "lane_fidelity": true,
    "diversity_score": 1.0,
    "balance_score": 0.5,
    "scene_quality_score": 0.85,
    "raw_diversity_distance": 1.8791914416145914
  },
  "lane": {
    "enabled": true,
    "category": "LC",
    "corridor_polygons": [
      [
        [
          8.5,
          1.3228367928775333
        ],
        [
          8.5,
          -0.4271632071224667
        ],
        [
          -16.5,
          -0.4271632071224667
        ],
        [
          -16.5,
          1.3228367928775333
        ]
      ],
      [
        [
          5.348959778962165,
          -0.4271632071224667
        ],
        [
          5.348959778962165,
          -1.6021632071224665
        ],
        [
          2.048959778962165,
          -1.6021632071224665
        ],
        [
          2.048959778962165,
          -0.4271632071224667
        ]
      ]
    ],
    "centerline": [
      [
        -16.5,
        0.4478367928775333
      ],
      [
        3.698959778962165,
        0.4478367928775333
      ],
      [
        8.5,
        0.4478367928775333
      ]
    ],
    "width_profile_m": [
      1.75,
      4.1,
      1.75
    ],
    "branch_count": 1,
    "bottleneck_ratio": 0.426829268292683,
    "corridor_width_min_m": 1.75,
    "corridor_turn_deg_max": 31.76378186789307,
    "drivable_area_ratio": 0.059534375,
    "leader_reverse_turn_required": 0.3406028682242849,
    "leader_micro_adjust_budget_m": 1.227356042519338,
    "heading_gap_regime": "medium",
    "bay_depth_m": 1.175,
    "leader_stage_anchor_xy": [
      3.698959778962165,
      0.14783679287753332
    ],
    "leader_stage_anchor_yaw": 0.0,
    "leader_stage_path_xy": [
      [
        3.548081584390756,
        -0.7671632071224668
      ],
      [
        3.548081584390756,
        -0.6146632071224668
      ],
      [
        3.548081584390756,
        -0.46216320712246683
      ],
      [
        3.548081584390756,
        -0.30966320712246675
      ],
      [
        3.548081584390756,
        -0.15716320712246679
      ],
      [
        3.548081584390756,
        -0.0046632071224667615
      ],
      [
        3.548081584390756,
        0.14783679287753332
      ],
      [
        3.585801133033608,
        0.14783679287753332
      ],
      [
        3.6235206816764602,
        0.14783679287753332
      ],
      [
        3.661240230319313,
        0.14783679287753332
      ],
      [
        3.698959778962165,
        0.14783679287753332
      ]
    ],
    "follower_stage_path_xy": [
      [
        -3.7306964039507995,
        0.5024820676611377
      ],
      [
        -3.120739381086679,
        0.4956514083131871
      ],
      [
        -2.510782358222558,
        0.4888207489652366
      ],
      [
        -1.9008253353584377,
        0.48199008961728607
      ],
      [
        -1.290868312494317,
        0.4751594302693355
      ],
      [
        -0.6809112896301963,
        0.4683287709213849
      ],
      [
        -0.07095426676607575,
        0.4614981115734344
      ],
      [
        0.5390027560980448,
        0.4546674522254839
      ],
      [
        1.1489597789621655,
        0.4478367928775333
      ],
      [
        1.1489597789621655,
        0.3728367928775333
      ],
      [
        1.1489597789621655,
        0.2978367928775333
      ],
      [
        1.1489597789621655,
        0.22283679287753333
      ],
      [
        1.1489597789621655,
        0.14783679287753332
      ]
    ],
    "corridor_entry_xy": [
      3.698959778962165,
      0.4478367928775333
    ],
    "off_lane_shortcut_gap_m": 1.2685320995587555,
    "lane_fidelity": true
  },
  "audit": {
    "direct_los_blocked": false,
    "large_obstacle_present": true,
    "stage_plan": {
      "leader_goal": {
        "vehicle_id": 2,
        "x": 4.350277148649473,
        "y": -1.135655718901277,
        "yaw": -0.4306062238900034,
        "v": 0.0,
        "delta": 0.0,
        "mode": "FREE"
      },
      "follower_goal": {
        "vehicle_id": 1,
        "x": 1.3217350636093343,
        "y": 0.255520111116595,
        "yaw": -0.4306062238900034,
        "v": 0.0,
        "delta": 0.0,
        "mode": "DOCKING"
      },
      "leader_path_xy": [
        [
          3.548081584390756,
          -0.7671632071224668
        ],
        [
          4.350277148649473,
          -1.135655718901277
        ]
      ],
      "follower_path_xy": [
        [
          -3.7306964039507995,
          0.5024820676611377
        ],
        [
          1.3217350636093343,
          0.255520111116595
        ]
      ],
      "score": 2.0515627115460555,
      "reason": "heuristic_descriptor_estimate"
    },
    "lane_fidelity": true,
    "off_lane_shortcut_gap_m": 1.2685320995587555,
    "leader_reverse_turn_required": 0.3406028682242849
  },
  "scenario": {
    "seed": 20670716,
    "style": "lane_constrained",
    "planner_seed": 20670813,
    "obstacles": [
      {
        "x": -4.0,
        "y": 1.4928367928775332,
        "width": 25.0,
        "height": 0.34,
        "yaw": 0.0
      },
      {
        "x": -7.225520110518918,
        "y": -0.5971632071224667,
        "width": 18.548959778962164,
        "height": 0.34,
        "yaw": 0.0
      },
      {
        "x": 6.924479889481082,
        "y": -0.5971632071224667,
        "width": 3.151040221037835,
        "height": 0.34,
        "yaw": 0.0
      },
      {
        "x": 3.698959778962165,
        "y": -1.7721632071224664,
        "width": 3.3,
        "height": 0.34,
        "yaw": 0.0
      }
    ],
    "leader": {
      "vehicle_id": 2,
      "x": 3.548081584390756,
      "y": -0.7671632071224668,
      "yaw": -0.4306062238900034,
      "v": 0.0,
      "delta": 0.0,
      "mode": "FREE"
    },
    "follower": {
      "vehicle_id": 1,
      "x": -3.7306964039507995,
      "y": 0.5024820676611377,
      "yaw": 0.0,
      "v": 0.0,
      "delta": 0.0,
      "mode": "DOCKING"
    },
    "leader_relocation_m": 0.9273560425193379,