{
  "schema_version": "dockbench-v1.0",
  "scene_id": "DBv1-SC-L3-035",
  "split": "test",
  "family": "SC",
  "difficulty": "L3",
  "generator_version": "dock_sgen_1.1",
  "max_time_s": 32.0,
  "map": {
    "width_m": 40.0,
    "height_m": 20.0,
    "resolution_m": 0.05
  },
  "leader": {
    "x": 10.342976419059577,
    "y": 2.536796776545974,
    "yaw": -0.3964871000725447
  },
  "follower": {
    "x": 1.4994146867715674,
    "y": 7.232253513984128,
    "yaw": -0.4696484153826441
  },
  "obstacles": [
    {
      "x": 6.33253981012706,
      "y": 5.232229418022097,
      "width": 0.6400000000000001,
      "height": 1.34,
      "yaw": -0.48809709911491167,
      "role": "screen"
    },
    {
      "x": 16.334916741235645,
      "y": 5.602104128687845,
      "width": 1.4034965996029956,
      "height": 1.334102904621843,
      "yaw": 0.23140238115067568,
      "role": "background"
    },
    {
      "x": -4.794834175489916,
      "y": 7.647178927765832,
      "width": 1.2260925028924239,
      "height": 0.8956324018399282,
      "yaw": -0.47341795612744,
      "role": "background"
    }
  ],
  "descriptors": {
    "d0_m": 8.415100617791742,
    "heading_diff_deg": 4.191834590894562,
    "bearing_deg": 174.75113369367486,
    "boundary_margin_m": 2.767746486015872,
    "clutter_ratio": 0.004785171329250884,
    "occlusion_index": 0.9352941176470588,
    "detour_factor": 1.1196000000000002,
    "homotopy_count": 2.0,
    "dock_zone_clearance_m": 1.5908095847603883,
    "staging_shift_required_m": 0.268,
    "capture_constraint_index": 0.08216898119467239,
    "corridor_width_min_m": 0.0,
    "bottleneck_ratio": 0.0,
    "corridor_turn_deg_max": 0.0,
    "branch_count": 0.0,
    "drivable_area_ratio": 1.0,
    "off_lane_shortcut_gap_m": 0.0,
    "leader_reverse_turn_required": 0.0,
    "leader_micro_adjust_budget_m": 0.0
  },
  "quality": {
    "valid": true,
    "label_fidelity": true,
    "lane_fidelity": true,
    "diversity_score": 0.4181374301968136,
    "balance_score": 0.33333333333333337,
    "scene_quality_score": 0.3926962011377695,
    "raw_diversity_distance": 0.07526473743542644
  },
  "lane": {},
  "audit": {
    "direct_los_blocked": true,
    "large_obstacle_present": false,
    "stage_plan": {
      "leader_goal": {
        "vehicle_id": 2,
        "x": 10.59018586230736,
        "y": 2.433300442460552,
        "yaw": -0.3964871000725447,
        "v": 0.0,
        "delta": 0.0,
        "mode": "FREE"
      },
      "follower_goal": {
        "vehicle_id": 1,
        "x": 8.083039344592907,
        "y": 3.482938636655242,
        "yaw": -0.3964871000725447,
        "v": 0.0,
        "delta": 0.0,
        "mode": "DOCKING"
      },
      "leader_path_xy": [
        [
          10.342976419059577,
          2.536796776545974
        ],
        [
          10.59018586230736,
          2.433300442460552
        ]
      ],
      "follower_path_xy": [
        [
          1.4994146867715674,
          7.232253513984128
        ],
        [
          8.083039344592907,
          3.482938636655242
        ]
      ],
      "score": 1.3876000000000002,
      "reason": "heuristic_descriptor_estimate"
    },
    "lane_fidelity": true,
    "off_lane_shortcut_gap_m": 0.0,
    "leader_reverse_turn_required": 0.0
  },
  "scenario": {
    "seed": 20380847,
    "style": "switching_critical",
    "planner_seed": 20380944,
    "obstacles": [
      {
        "x": 6.33253981012706,
        "y": 5.232229418022097,
        "width": 0.6400000000000001,
        "height": 1.34,
        "yaw": -0.48809709911491167
      },
      {
        "x": 16.334916741235645,
        "y": 5.602104128687845,
        "width": 1.4034965996029956,
        "height": 1.334102904621843,
        "yaw": 0.23140238115067568
      },
      {
        "x": -4.794834175489916,
        "y": 7.647178927765832,
        "width": 1.2260925028924239,
        "height": 0.8956324018399282,
        "yaw": -0.47341795612744
      }
    ],
    "leader": {
      "vehicle_id": 2,
      "x": 10.342976419059577,
      "y": 2.536796776545974,
      "yaw": -0.3964871000725447,
      "v": 0.0,
      "delta": 0.0,
      "mode": "FREE"
    },
    "follower": {
      "vehicle_id": 1,
      "x": 1.4994146867715674,
      "y": 7.232253513984128,
      "yaw": -0.4696484153826441,
      "v": 0.0,
      "delta": 0.0,
      "mode": "DOCKING"
    },
    "leader_relocation_m": 0.268,
    "follower_detour_ratio": 1.1196000000000002,
    "direct_los_blocked": true,
    "large_obstacle_present": false,
    "subset_tag": "Switching-Critical",
    "lane_constrained": false
  }
}