{
  "schema_version": "dockbench-v1.0",
  "scene_id": "DBv1-FC-L2-047",
  "split": "test",
  "family": "FC",
  "difficulty": "L2",
  "generator_version": "dock_sgen_1.1",
  "max_time_s": 30.0,
  "map": {
    "width_m": 40.0,
    "height_m": 20.0,
    "resolution_m": 0.05
  },
  "leader": {
    "x": 7.326472216971402,
    "y": -0.05236517567380572,
    "yaw": 0.1741038817775062
  },
  "follower": {
    "x": -0.2149890593550028,
    "y": -1.196034559701671,
    "yaw": 0.42626202636386284
  },
  "obstacles": [
    {
      "x": 5.040178673530737,
      "y": 0.7080865540379067,
      "width": 1.5299999999999998,
      "height": 0.32,
      "yaw": 0.2875502831571376,
      "role": "dock_zone"
    },
    {
      "x": 5.436865380907746,
      "y": -1.5472936037604164,
      "width": 1.5299999999999998,
      "height": 0.32,
      "yaw": 0.060657480397874775,
      "role": "dock_zone"
    },
    {
      "x": -3.736877764790064,
      "y": 3.5328319289536907,
      "width": 1.0377529408846327,
      "height": 1.0170500664088875,
      "yaw": -0.32644852886028164,
      "role": "background"
    }
  ],
  "descriptors": {
    "d0_m": 6.079886050829488,
    "heading_diff_deg": 14.44759745464783,
    "bearing_deg": 178.64783363340095,
    "boundary_margin_m": 8.80396544029833,
    "clutter_ratio": 0.0025433083718034172,
    "occlusion_index": 0.0,
    "detour_factor": 1.1540000000000001,
    "homotopy_count": 1.0,
    "dock_zone_clearance_m": 0.7302480216941751,
    "staging_shift_required_m": 0.264,
    "capture_constraint_index": 0.24463496627957737,
    "corridor_width_min_m": 0.0,
    "bottleneck_ratio": 0.0,
    "corridor_turn_deg_max": 0.0,
    "branch_count": 0.0,
    "drivable_area_ratio": 1.0,
    "off_lane_shortcut_gap_m": 0.0,
    "leader_reverse_turn_required": 0.0,
    "leader_micro_adjust_budget_m": 0.0
  },
  "quality": {
    "valid": true,
    "label_fidelity": true,
    "lane_fidelity": true,
    "diversity_score": 0.09680158505771981,
    "balance_score": 0.33333333333333337,
    "scene_quality_score": 0.16776110954040385,
    "raw_diversity_distance": 0.017424285310389566
  },
  "lane": {},
  "audit": {
    "direct_los_blocked": false,
    "large_obstacle_present": false,
    "stage_plan": {
      "leader_goal": {
        "vehicle_id": 2,
        "x": 7.586481108525444,
        "y": -0.006633607661783739,
        "yaw": 0.1741038817775062,
        "v": 0.0,
        "delta": 0.0,
        "mode": "FREE"
      },
      "follower_goal": {
        "vehicle_id": 1,
        "x": 4.91351091277669,
        "y": -0.47676798487628236,
        "yaw": 0.1741038817775062,
        "v": 0.0,
        "delta": 0.0,
        "mode": "DOCKING"
      },
      "leader_path_xy": [
        [
          7.326472216971402,
          -0.05236517567380572
        ],
        [
          7.586481108525444,
          -0.006633607661783739
        ]
      ],
      "follower_path_xy": [
        [
          -0.2149890593550028,
          -1.196034559701671
        ],
        [
          4.91351091277669,
          -0.47676798487628236
        ]
      ],
      "score": 1.4180000000000001,
      "reason": "heuristic_descriptor_estimate"
    },
    "lane_fidelity": true,
    "off_lane_shortcut_gap_m": 0.0,
    "leader_reverse_turn_required": 0.0
  },
  "scenario": {
    "seed": 20470847,
    "style": "funnel_critical",
    "planner_seed": 20470944,
    "obstacles": [
      {
        "x": 5.040178673530737,
        "y": 0.7080865540379067,
        "width": 1.5299999999999998,
        "height": 0.32,
        "yaw": 0.2875502831571376
      },
      {
        "x": 5.436865380907746,
        "y": -1.5472936037604164,
        "width": 1.5299999999999998,
        "height": 0.32,
        "yaw": 0.060657480397874775
      },
      {
        "x": -3.736877764790064,
        "y": 3.5328319289536907,
        "width": 1.0377529408846327,
        "height": 1.0170500664088875,
        "yaw": -0.32644852886028164
      }
    ],
    "leader": {
      "vehicle_id": 2,
      "x": 7.326472216971402,
      "y": -0.05236517567380572,
      "yaw": 0.1741038817775062,
      "v": 0.0,
      "delta": 0.0,
      "mode": "FREE"
    },
    "follower": {
      "vehicle_id": 1,
      "x": -0.2149890593550028,
      "y": -1.196034559701671,
      "yaw": 0.42626202636386284,
      "v": 0.0,
      "delta": 0.0,
      "mode": "DOCKING"
    },
    "leader_relocation_m": 0.264,
    "follower_detour_ratio": 1.1540000000000001,
    "direct_los_blocked": false,
    "large_obstacle_present": false,
    "subset_tag": "Funnel-Critical",
    "lane_constrained": false
  }
}