{
  "schema_version": "dockbench-v1.0",
  "scene_id": "DBv1-LC-L2-079",
  "split": "tuning",
  "family": "LC",
  "difficulty": "L2",
  "generator_version": "dock_sgen_1.1",
  "max_time_s": 30.0,
  "map": {
    "width_m": 40.0,
    "height_m": 20.0,
    "resolution_m": 0.05
  },
  "leader": {
    "x": 3.90726572062886,
    "y": 2.9070084778746477,
    "yaw": 0.47756853576419245
  },
  "follower": {
    "x": -2.775532092206218,
    "y": 1.5635021878820763,
    "yaw": 0.0
  },
  "obstacles": [
    {
      "x": -4.0,
      "y": 0.5238560666754905,
      "width": 25.0,
      "height": 0.34,
      "yaw": 0.0,
      "role": "channel"
    },
    {
      "x": -6.753344157615945,
      "y": 2.6938560666754903,
      "width": 19.49331168476811,
      "height": 0.34,
      "yaw": 0.0,
      "role": "channel"
    },
    {
      "x": 7.396655842384055,
      "y": 2.6938560666754903,
      "width": 2.20668831523189,
      "height": 0.34,
      "yaw": 0.0,
      "role": "channel"
    },
    {
      "x": 4.6433116847681095,
      "y": 3.86885606667549,
      "width": 3.3,
      "height": 0.34,
      "yaw": 0.0,
      "role": "hybrid"
    }
  ],
  "descriptors": {
    "d0_m": 5.257492003182503,
    "heading_diff_deg": 27.362661527530733,
    "bearing_deg": 164.00452737799665,
    "boundary_margin_m": 7.092991522125352,
    "clutter_ratio": 0.02125,
    "occlusion_index": 0.37058823529411766,
    "detour_factor": 1.167464114832536,
    "homotopy_count": 2.0,
    "dock_zone_clearance_m": 0.0,
    "staging_shift_required_m": 1.240190266575403,
    "capture_constraint_index": 0.6295125446411741,
    "corridor_width_min_m": 1.83,
    "bottleneck_ratio": 0.437799043062201,
    "corridor_turn_deg_max": 33.70111629982213,
    "branch_count": 1.0,
    "drivable_area_ratio": 0.06203437499999999,
    "off_lane_shortcut_gap_m": 2.1426636144688853,
    "leader_reverse_turn_required": 0.3701685292027936,
    "leader_micro_adjust_budget_m": 1.540190266575403
  },
  "quality": {
    "valid": true,
    "label_fidelity": true,
    "lane_fidelity": true,
    "diversity_score": 1.0,
    "balance_score": 1.0,
    "scene_quality_score": 0.72,
    "raw_diversity_distance": 9.0
  },
  "lane": {
    "enabled": true,
    "category": "LC",
    "corridor_polygons": [
      [
        [
          8.5,
          2.5238560666754903
        ],
        [
          8.5,
          0.6938560666754905
        ],
        [
          -16.5,
          0.6938560666754905
        ],
        [
          -16.5,
          2.5238560666754903
        ]
      ],
      [
        [
          6.29331168476811,
          3.69885606667549
        ],
        [
          6.29331168476811,
          2.5238560666754903
        ],
        [
          2.9933116847681096,
          2.5238560666754903
        ],
        [
          2.9933116847681096,
          3.69885606667549
        ]
      ]
    ],
    "centerline": [
      [
        -16.5,
        1.6088560666754905
      ],
      [
        4.6433116847681095,
        1.6088560666754905
      ],
      [
        8.5,
        1.6088560666754905
      ]
    ],
    "width_profile_m": [
      1.83,
      4.18,
      1.83
    ],
    "branch_count": 1,
    "bottleneck_ratio": 0.437799043062201,
    "corridor_width_min_m": 1.83,
    "corridor_turn_deg_max": 33.70111629982213,
    "drivable_area_ratio": 0.06203437499999999,
    "leader_reverse_turn_required": 0.3701685292027936,
    "leader_micro_adjust_budget_m": 1.540190266575403,
    "heading_gap_regime": "medium",
    "bay_depth_m": 1.175,
    "leader_stage_anchor_xy": [
      4.6433116847681095,
      1.9088560666754906
    ],
    "leader_stage_anchor_yaw": 0.0,
    "leader_stage_path_xy": [
      [
        3.90726572062886,
        2.9070084778746477
      ],
      [
        3.90726572062886,
        2.7406497426747887
      ],
      [
        3.90726572062886,
        2.574291007474929
      ],
      [
        3.90726572062886,
        2.407932272275069
      ],
      [
        3.90726572062886,
        2.24157353707521
      ],
      [
        3.90726572062886,
        2.07521480187535
      ],
      [
        3.90726572062886,
        1.9088560666754906
      ],
      [
        4.091277211663672,
        1.9088560666754906
      ],
      [
        4.275288702698485,
        1.9088560666754906
      ],
      [
        4.459300193733297,
        1.9088560666754906
      ],
      [
        4.6433116847681095,
        1.9088560666754906
      ]
    ],
    "follower_stage_path_xy": [
      [
        -2.775532092206218,
        1.5635021878820763
      ],
      [
        -2.1669266200844266,
        1.5691714227312532
      ],
      [
        -1.558321147962636,
        1.57484065758043
      ],
      [
        -0.949715675840845,
        1.5805098924296066
      ],
      [
        -0.3411102037190541,
        1.5861791272787835
      ],
      [
        0.26749526840273696,
        1.5918483621279602
      ],
      [
        0.8761007405245278,
        1.597517596977137
      ],
      [
        1.4847062126463186,
        1.6031868318263136
      ],
      [
        2.0933116847681097,
        1.6088560666754905
      ],
      [
        2.0933116847681097,
        1.6838560666754905
      ],
      [
        2.0933116847681097,
        1.7588560666754907
      ],
      [
        2.0933116847681097,
        1.8338560666754906
      ],
      [
        2.0933116847681097,
        1.9088560666754906
      ]
    ],
    "corridor_entry_xy": [
      4.6433116847681095,
      1.6088560666754905
    ],
    "off_lane_shortcut_gap_m": 2.1426636144688853,
    "lane_fidelity": true
  },
  "audit": {
    "direct_los_blocked": true,
    "large_obstacle_present": true,
    "stage_plan": {
      "leader_goal": {
        "vehicle_id": 2,
        "x": 4.743851097264487,
        "y": 3.3399617121303433,
        "yaw": 0.47756853576419245,
        "v": 0.0,
        "delta": 0.0,
        "mode": "FREE"
      },
      "follower_goal": {
        "vehicle_id": 1,
        "x": 1.7313837274436,
        "y": 1.7809367431560554,
        "yaw": 0.47756853576419245,
        "v": 0.0,
        "delta": 0.0,
        "mode": "DOCKING"
      },
      "leader_path_xy": [
        [
          3.90726572062886,
          2.9070084778746477
        ],
        [
          4.743851097264487,
          3.3399617121303433
        ]
      ],
      "follower_path_xy": [
        [
          -2.775532092206218,
          1.5635021878820763
        ],
        [
          1.7313837274436,
          1.7809367431560554
        ]
      ],
      "score": 2.109442668438212,
      "reason": "heuristic_descriptor_estimate"
    },
    "lane_fidelity": true,
    "off_lane_shortcut_gap_m": 2.1426636144688853,
    "leader_reverse_turn_required": 0.3701685292027936
  },
  "scenario": {
    "seed": 20670323,
    "style": "lane_constrained",
    "planner_seed": 20670420,
    "obstacles": [
      {
        "x": -4.0,
        "y": 0.5238560666754905,
        "width": 25.0,
        "height": 0.34,
        "yaw": 0.0
      },
      {
        "x": -6.753344157615945,
        "y": 2.6938560666754903,
        "width": 19.49331168476811,
        "height": 0.34,
        "yaw": 0.0
      },
      {
        "x": 7.396655842384055,
        "y": 2.6938560666754903,
        "width": 2.20668831523189,
        "height": 0.34,
        "yaw": 0.0
      },
      {
        "x": 4.6433116847681095,
        "y": 3.86885606667549,
        "width": 3.3,
        "height": 0.34,
        "yaw": 0.0
      }
    ],
    "leader": {
      "vehicle_id": 2,
      "x": 3.90726572062886,
      "y": 2.9070084778746477,
      "yaw": 0.47756853576419245,
      "v": 0.0,
      "delta": 0.0,
      "mode": "FREE"
    },
    "follower": {
      "vehicle_id": 1,
      "x": -2.775532092206218,
      "y": 1.5635021878820763,
      "yaw": 0.0,
      "v": 0.0,
      "delta": 0.0,
      "mode": "DOCKING"
    },
    "leader_relocation_m": 1.240190266575403,
    "follower_detour_ratio": 1.167464114832536,
    "direct_los_blocked": true,