{
  "schema_version": "dockbench-v1.0",
  "scene_id": "DBv1-FC-L1-042",
  "split": "challenge",
  "family": "FC",
  "difficulty": "L1",
  "generator_version": "dock_sgen_1.1",
  "max_time_s": 24.0,
  "map": {
    "width_m": 40.0,
    "height_m": 20.0,
    "resolution_m": 0.05
  },
  "leader": {
    "x": 8.912940647309735,
    "y": 0.1623435627372114,
    "yaw": -0.07605651131229896
  },
  "follower": {
    "x": 1.6435404969264642,
    "y": -1.3674412303258223,
    "yaw": 0.21343551478486028
  },
  "obstacles": [
    {
      "x": 6.852737614852256,
      "y": 1.422527464020276,
      "width": 1.5499999999999998,
      "height": 0.3,
      "yaw": 0.0635698288472474,
      "role": "dock_zone"
    },
    {
      "x": 6.685574560497898,
      "y": -0.7711125504896073,
      "width": 1.5499999999999998,
      "height": 0.3,
      "yaw": -0.21568285147184532,
      "role": "dock_zone"
    },
    {
      "x": -10.476188090398384,
      "y": -5.2667429068418095,
      "width": 1.1892532231957174,
      "height": 1.0454537423612595,
      "yaw": -0.5265156100818785,
      "role": "background"
    }
  ],
  "descriptors": {
    "d0_m": 5.847811564082639,
    "heading_diff_deg": 16.586671298058306,
    "bearing_deg": -163.75826830893558,
    "boundary_margin_m": 8.632558769674178,
    "clutter_ratio": 0.0027166365410064407,
    "occlusion_index": 0.4588235294117647,
    "detour_factor": 1.151,
    "homotopy_count": 1.0,
    "dock_zone_clearance_m": 0.685572021483387,
    "staging_shift_required_m": 0.261,
    "capture_constraint_index": 0.2755056923314284,
    "corridor_width_min_m": 0.0,
    "bottleneck_ratio": 0.0,
    "corridor_turn_deg_max": 0.0,
    "branch_count": 0.0,
    "drivable_area_ratio": 1.0,
    "off_lane_shortcut_gap_m": 0.0,
    "leader_reverse_turn_required": 0.0,
    "leader_micro_adjust_budget_m": 0.0
  },
  "quality": {
    "valid": true,
    "label_fidelity": true,
    "lane_fidelity": true,
    "diversity_score": 1.0,
    "balance_score": 0.16666666666666663,
    "scene_quality_score": 0.75,
    "raw_diversity_distance": 0.5370142962395389
  },
  "lane": {},
  "audit": {
    "direct_los_blocked": false,
    "large_obstacle_present": false,
    "stage_plan": {
      "leader_goal": {
        "vehicle_id": 2,
        "x": 9.173186121758407,
        "y": 0.14251194583426252,
        "yaw": -0.07605651131229896,
        "v": 0.0,
        "delta": 0.0,
        "mode": "FREE"
      },
      "follower_goal": {
        "vehicle_id": 1,
        "x": 6.470023358423729,
        "y": 0.34850241872274695,
        "yaw": -0.07605651131229896,
        "v": 0.0,
        "delta": 0.0,
        "mode": "DOCKING"
      },
      "leader_path_xy": [
        [
          8.912940647309735,
          0.1623435627372114
        ],
        [
          9.173186121758407,
          0.14251194583426252
        ]
      ],
      "follower_path_xy": [
        [
          1.6435404969264642,
          -1.3674412303258223
        ],
        [
          6.470023358423729,
          0.34850241872274695
        ]
      ],
      "score": 1.412,
      "reason": "heuristic_descriptor_estimate"
    },
    "lane_fidelity": true,
    "off_lane_shortcut_gap_m": 0.0,
    "leader_reverse_turn_required": 0.0
  },
  "scenario": {
    "seed": 20460978,
    "style": "funnel_critical",
    "planner_seed": 20461075,
    "obstacles": [
      {
        "x": 6.852737614852256,
        "y": 1.422527464020276,
        "width": 1.5499999999999998,
        "height": 0.3,
        "yaw": 0.0635698288472474
      },
      {
        "x": 6.685574560497898,
        "y": -0.7711125504896073,
        "width": 1.5499999999999998,
        "height": 0.3,
        "yaw": -0.21568285147184532
      },
      {
        "x": -10.476188090398384,
        "y": -5.2667429068418095,
        "width": 1.1892532231957174,
        "height": 1.0454537423612595,
        "yaw": -0.5265156100818785
      }
    ],
    "leader": {
      "vehicle_id": 2,
      "x": 8.912940647309735,
      "y": 0.1623435627372114,
      "yaw": -0.07605651131229896,
      "v": 0.0,
      "delta": 0.0,
      "mode": "FREE"
    },
    "follower": {
      "vehicle_id": 1,
      "x": 1.6435404969264642,
      "y": -1.3674412303258223,
      "yaw": 0.21343551478486028,
      "v": 0.0,
      "delta": 0.0,
      "mode": "DOCKING"
    },
    "leader_relocation_m": 0.261,
    "follower_detour_ratio": 1.151,
    "direct_los_blocked": false,
    "large_obstacle_present": false,
    "subset_tag": "Funnel-Critical",
    "lane_constrained": false
  }
}