{
  "schema_version": "dockbench-v1.0",
  "scene_id": "DBv1-SC-L2-028",
  "split": "test",
  "family": "SC",
  "difficulty": "L2",
  "generator_version": "dock_sgen_1.0",
  "max_time_s": 28.0,
  "map": {
    "width_m": 40.0,
    "height_m": 20.0,
    "resolution_m": 0.05
  },
  "leader": {
    "x": 8.417147311426756,
    "y": 1.3829794226150955,
    "yaw": 0.35097019487975245
  },
  "follower": {
    "x": 0.5320209816475252,
    "y": -1.7953617345544801,
    "yaw": 0.49031910173331283
  },
  "obstacles": [
    {
      "x": 4.426667819912897,
      "y": 0.3674941702693646,
      "width": 0.62,
      "height": 1.4200000000000002,
      "yaw": 0.38315921028888483,
      "role": "screen"
    },
    {
      "x": -3.459933506188362,
      "y": -5.097780828461845,
      "width": 1.145524384460388,
      "height": 0.7989421795857651,
      "yaw": -0.4917584937694696,
      "role": "background"
    },
    {
      "x": 1.3680416589076074,
      "y": 6.716786305621909,
      "width": 0.8308893640259642,
      "height": 1.0725138443702742,
      "yaw": 0.20915343195182912,
      "role": "background"
    }
  ],
  "descriptors": {
    "d0_m": 6.909274061084463,
    "heading_diff_deg": 7.984104242470636,
    "bearing_deg": -178.15570527037517,
    "boundary_margin_m": 8.20463826544552,
    "clutter_ratio": 0.0033584351181841043,
    "occlusion_index": 0.7588235294117647,
    "detour_factor": 1.1148,
    "homotopy_count": 2.0,
    "dock_zone_clearance_m": 0.8640346922412587,
    "staging_shift_required_m": 0.264,
    "capture_constraint_index": 0.16629965535418664
  },
  "quality": {
    "valid": true,
    "label_fidelity": true,
    "diversity_score": 1.0,
    "balance_score": 0.5,
    "scene_quality_score": 0.85,
    "raw_diversity_distance": 0.2234994526024807
  },
  "audit": {
    "direct_los_blocked": true,
    "large_obstacle_present": false,
    "stage_plan": {
      "leader_goal": {
        "vehicle_id": 2,
        "x": 8.665053764004377,
        "y": 1.4737450040343747,
        "yaw": 0.35097019487975245,
        "v": 0.0,
        "delta": 0.0,
        "mode": "FREE"
      },
      "follower_goal": {
        "vehicle_id": 1,
        "x": 6.116500308338987,
        "y": 0.5406473223225431,
        "yaw": 0.35097019487975245,
        "v": 0.0,
        "delta": 0.0,
        "mode": "DOCKING"
      },
      "leader_path_xy": [
        [
          8.417147311426756,
          1.3829794226150955
        ],
        [
          8.665053764004377,
          1.4737450040343747
        ]
      ],
      "follower_path_xy": [
        [
          0.5320209816475252,
          -1.7953617345544801
        ],
        [
          6.116500308338987,
          0.5406473223225431
        ]
      ],
      "score": 1.3788,
      "reason": "heuristic_descriptor_estimate"
    }
  },
  "scenario": {
    "seed": 20370716,
    "style": "switching_critical",
    "planner_seed": 20370813,
    "obstacles": [
      {
        "x": 4.426667819912897,
        "y": 0.3674941702693646,
        "width": 0.62,
        "height": 1.4200000000000002,
        "yaw": 0.38315921028888483
      },
      {
        "x": -3.459933506188362,
        "y": -5.097780828461845,
        "width": 1.145524384460388,
        "height": 0.7989421795857651,
        "yaw": -0.4917584937694696
      },
      {
        "x": 1.3680416589076074,
        "y": 6.716786305621909,
        "width": 0.8308893640259642,
        "height": 1.0725138443702742,
        "yaw": 0.20915343195182912
      }
    ],
    "leader": {
      "vehicle_id": 2,
      "x": 8.417147311426756,
      "y": 1.3829794226150955,
      "yaw": 0.35097019487975245,
      "v": 0.0,
      "delta": 0.0,
      "mode": "FREE"
    },
    "follower": {
      "vehicle_id": 1,
      "x": 0.5320209816475252,
      "y": -1.7953617345544801,
      "yaw": 0.49031910173331283,
      "v": 0.0,
      "delta": 0.0,
      "mode": "DOCKING"
    },
    "leader_relocation_m": 0.264,
    "follower_detour_ratio": 1.1148,
    "direct_los_blocked": true,
    "large_obstacle_present": false,
    "subset_tag": "Switching-Critical"
  }
}