{
  "schema_version": "dockbench-v1.0",
  "scene_id": "DBv1-SC-L3-032",
  "split": "test",
  "family": "SC",
  "difficulty": "L3",
  "generator_version": "dock_sgen_1.1",
  "max_time_s": 32.0,
  "map": {
    "width_m": 40.0,
    "height_m": 20.0,
    "resolution_m": 0.05
  },
  "leader": {
    "x": 7.7869835887138095,
    "y": 0.3679241044957946,
    "yaw": 0.3904688312884007
  },
  "follower": {
    "x": -1.514072775088465,
    "y": -3.9018328691360606,
    "yaw": 0.30435177922311396
  },
  "obstacles": [
    {
      "x": 3.1138757708180558,
      "y": -1.2271522429422377,
      "width": 0.6400000000000001,
      "height": 1.34,
      "yaw": 0.4303638769862611,
      "role": "screen"
    },
    {
      "x": 15.669165331015115,
      "y": -3.4536176631736417,
      "width": 1.0480502566227115,
      "height": 0.9699749545832961,
      "yaw": -0.061399390935439,
      "role": "background"
    },
    {
      "x": -6.88894299790557,
      "y": -6.265026783481199,
      "width": 1.2795306260645998,
      "height": 1.3147477622287016,
      "yaw": 0.05281399700847056,
      "role": "background"
    }
  ],
  "descriptors": {
    "d0_m": 8.645282747527464,
    "heading_diff_deg": 4.934143627449313,
    "bearing_deg": -177.71418225803106,
    "boundary_margin_m": 6.098167130863939,
    "clutter_ratio": 0.004445553159237686,
    "occlusion_index": 0.5823529411764705,
    "detour_factor": 1.1196000000000002,
    "homotopy_count": 2.0,
    "dock_zone_clearance_m": 1.6858935922228349,
    "staging_shift_required_m": 0.268,
    "capture_constraint_index": 0.08895580667174441,
    "corridor_width_min_m": 0.0,
    "bottleneck_ratio": 0.0,
    "corridor_turn_deg_max": 0.0,
    "branch_count": 0.0,
    "drivable_area_ratio": 1.0,
    "off_lane_shortcut_gap_m": 0.0,
    "leader_reverse_turn_required": 0.0,
    "leader_micro_adjust_budget_m": 0.0
  },
  "quality": {
    "valid": true,
    "label_fidelity": true,
    "lane_fidelity": true,
    "diversity_score": 1.0,
    "balance_score": 0.8333333333333334,
    "scene_quality_score": 0.95,
    "raw_diversity_distance": 0.44205409478678565
  },
  "lane": {},
  "audit": {
    "direct_los_blocked": true,
    "large_obstacle_present": false,
    "stage_plan": {
      "leader_goal": {
        "vehicle_id": 2,
        "x": 8.03481142006328,
        "y": 0.4699308003966959,
        "yaw": 0.3904688312884007,
        "v": 0.0,
        "delta": 0.0,
        "mode": "FREE"
      },
      "follower_goal": {
        "vehicle_id": 1,
        "x": 5.521393339436943,
        "y": -0.5645997945982653,
        "yaw": 0.3904688312884007,
        "v": 0.0,
        "delta": 0.0,
        "mode": "DOCKING"
      },
      "leader_path_xy": [
        [
          7.7869835887138095,
          0.3679241044957946
        ],
        [
          8.03481142006328,
          0.4699308003966959
        ]
      ],
      "follower_path_xy": [
        [
          -1.514072775088465,
          -3.9018328691360606
        ],
        [
          5.521393339436943,
          -0.5645997945982653
        ]
      ],
      "score": 1.3876000000000002,
      "reason": "heuristic_descriptor_estimate"
    },
    "lane_fidelity": true,
    "off_lane_shortcut_gap_m": 0.0,
    "leader_reverse_turn_required": 0.0
  },
  "scenario": {
    "seed": 20380454,
    "style": "switching_critical",
    "planner_seed": 20380551,
    "obstacles": [
      {
        "x": 3.1138757708180558,
        "y": -1.2271522429422377,
        "width": 0.6400000000000001,
        "height": 1.34,
        "yaw": 0.4303638769862611
      },
      {
        "x": 15.669165331015115,
        "y": -3.4536176631736417,
        "width": 1.0480502566227115,
        "height": 0.9699749545832961,
        "yaw": -0.061399390935439
      },
      {
        "x": -6.88894299790557,
        "y": -6.265026783481199,
        "width": 1.2795306260645998,
        "height": 1.3147477622287016,
        "yaw": 0.05281399700847056
      }
    ],
    "leader": {
      "vehicle_id": 2,
      "x": 7.7869835887138095,
      "y": 0.3679241044957946,
      "yaw": 0.3904688312884007,
      "v": 0.0,
      "delta": 0.0,
      "mode": "FREE"
    },
    "follower": {
      "vehicle_id": 1,
      "x": -1.514072775088465,
      "y": -3.9018328691360606,
      "yaw": 0.30435177922311396,
      "v": 0.0,
      "delta": 0.0,
      "mode": "DOCKING"
    },
    "leader_relocation_m": 0.268,
    "follower_detour_ratio": 1.1196000000000002,
    "direct_los_blocked": true,
    "large_obstacle_present": false,
    "subset_tag": "Switching-Critical",
    "lane_constrained": false
  }
}