{
  "schema_version": "dockbench-v1.0",
  "scene_id": "DBv1-LC-L2-084",
  "split": "challenge",
  "family": "LC",
  "difficulty": "L2",
  "generator_version": "dock_sgen_1.1",
  "max_time_s": 33.0,
  "map": {
    "width_m": 40.0,
    "height_m": 20.0,
    "resolution_m": 0.05
  },
  "leader": {
    "x": 4.114705411095292,
    "y": -0.24814875292954708,
    "yaw": -0.4781511449980957
  },
  "follower": {
    "x": -3.886614104019662,
    "y": 1.0328934152424372,
    "yaw": 0.0
  },
  "obstacles": [
    {
      "x": -4.0,
      "y": 2.0237277551295465,
      "width": 25.0,
      "height": 0.34,
      "yaw": 0.0,
      "role": "channel"
    },
    {
      "x": -6.832792258145594,
      "y": 0.01372775512954641,
      "width": 19.334415483708813,
      "height": 0.34,
      "yaw": 0.0,
      "role": "channel"
    },
    {
      "x": 7.317207741854406,
      "y": 0.01372775512954641,
      "width": 2.3655845162911877,
      "height": 0.34,
      "yaw": 0.0,
      "role": "channel"
    },
    {
      "x": 4.484415483708812,
      "y": -1.2412722448704534,
      "width": 3.3,
      "height": 0.34,
      "yaw": 0.0,
      "role": "hybrid"
    }
  ],
  "descriptors": {
    "d0_m": 6.540566096808927,
    "heading_diff_deg": 27.39604257773875,
    "bearing_deg": -161.70003665274962,
    "boundary_margin_m": 8.967106584757563,
    "clutter_ratio": 0.02125,
    "occlusion_index": 0.4411764705882353,
    "detour_factor": 1.1720574162679427,
    "homotopy_count": 2.0,
    "dock_zone_clearance_m": 0.005670303346894101,
    "staging_shift_required_m": 1.0351500952173265,
    "capture_constraint_index": 0.6449061801807734,
    "corridor_width_min_m": 1.67,
    "bottleneck_ratio": 0.3995215311004785,
    "corridor_turn_deg_max": 33.7251506559719,
    "branch_count": 1.0,
    "drivable_area_ratio": 0.057364375,
    "off_lane_shortcut_gap_m": 1.6029711348626101,
    "leader_reverse_turn_required": 0.4276816963391232,
    "leader_micro_adjust_budget_m": 1.3351500952173265
  },
  "quality": {
    "valid": true,
    "label_fidelity": true,
    "lane_fidelity": true,
    "diversity_score": 1.0,
    "balance_score": 0.16666666666666663,
    "scene_quality_score": 0.75,
    "raw_diversity_distance": 0.4830358658549884
  },
  "lane": {
    "enabled": true,
    "category": "LC",
    "corridor_polygons": [
      [
        [
          8.5,
          1.8537277551295464
        ],
        [
          8.5,
          0.18372775512954642
        ],
        [
          -16.5,
          0.18372775512954642
        ],
        [
          -16.5,
          1.8537277551295464
        ]
      ],
      [
        [
          6.134415483708812,
          0.18372775512954642
        ],
        [
          6.134415483708812,
          -1.0712722448704535
        ],
        [
          2.834415483708812,
          -1.0712722448704535
        ],
        [
          2.834415483708812,
          0.18372775512954642
        ]
      ]
    ],
    "centerline": [
      [
        -16.5,
        1.0187277551295464
      ],
      [
        4.484415483708812,
        1.0187277551295464
      ],
      [
        8.5,
        1.0187277551295464
      ]
    ],
    "width_profile_m": [
      1.67,
      4.18,
      1.67
    ],
    "branch_count": 1,
    "bottleneck_ratio": 0.3995215311004785,
    "corridor_width_min_m": 1.67,
    "corridor_turn_deg_max": 33.7251506559719,
    "drivable_area_ratio": 0.057364375,
    "leader_reverse_turn_required": 0.4276816963391232,
    "leader_micro_adjust_budget_m": 1.3351500952173265,
    "heading_gap_regime": "medium",
    "bay_depth_m": 1.2550000000000001,
    "leader_stage_anchor_xy": [
      4.484415483708812,
      0.7187277551295463
    ],
    "leader_stage_anchor_yaw": 0.0,
    "leader_stage_path_xy": [
      [
        4.114705411095292,
        -0.24814875292954708
      ],
      [
        4.114705411095292,
        -0.08700266825303152
      ],
      [
        4.114705411095292,
        0.07414341642348402
      ],
      [
        4.114705411095292,
        0.23528950109999963
      ],
      [
        4.114705411095292,
        0.39643558577651516
      ],
      [
        4.114705411095292,
        0.5575816704530306
      ],
      [
        4.114705411095292,
        0.7187277551295463
      ],
      [
        4.207132929248672,
        0.7187277551295463
      ],
      [
        4.299560447402052,
        0.7187277551295463
      ],
      [
        4.3919879655554315,
        0.7187277551295463
      ],
      [
        4.484415483708812,
        0.7187277551295463
      ]
    ],
    "follower_stage_path_xy": [
      [
        -3.886614104019662,
        1.0328934152424372
      ],
      [
        -3.1589854055536026,
        1.0311227077283258
      ],
      [
        -2.4313567070875433,
        1.0293520002142145
      ],
      [
        -1.7037280086214843,
        1.0275812927001031
      ],
      [
        -0.976099310155425,
        1.0258105851859918
      ],
      [
        -0.2484706116893658,
        1.0240398776718804
      ],
      [
        0.4791580867766936,
        1.022269170157769
      ],
      [
        1.206786785242753,
        1.0204984626436577
      ],
      [
        1.9344154837088121,
        1.0187277551295464
      ],
      [
        1.9344154837088121,
        0.9437277551295463
      ],
      [
        1.9344154837088121,
        0.8687277551295464
      ],
      [
        1.9344154837088121,
        0.7937277551295463
      ],
      [
        1.9344154837088121,
        0.7187277551295463
      ]
    ],
    "corridor_entry_xy": [
      4.484415483708812,
      1.0187277551295464
    ],
    "off_lane_shortcut_gap_m": 1.6029711348626101,
    "lane_fidelity": true
  },
  "audit": {
    "direct_los_blocked": true,
    "large_obstacle_present": true,
    "stage_plan": {
      "leader_goal": {
        "vehicle_id": 2,
        "x": 4.951690423170897,
        "y": -0.6819272339560585,
        "yaw": -0.4781511449980957,
        "v": 0.0,
        "delta": 0.0,
        "mode": "FREE"
      },
      "follower_goal": {
        "vehicle_id": 1,
        "x": 1.9394798469472323,
        "y": 0.8791904795452024,
        "yaw": -0.4781511449980957,
        "v": 0.0,
        "delta": 0.0,
        "mode": "DOCKING"
      },
      "leader_path_xy": [
        [
          4.114705411095292,
          -0.24814875292954708
        ],
        [
          4.951690423170897,
          -0.6819272339560585
        ]
      ],
      "follower_path_xy": [
        [
          -3.886614104019662,
          1.0328934152424372
        ],
        [
          1.9394798469472323,
          0.8791904795452024
        ]
      ],
      "score": 2.114770352978195,
      "reason": "heuristic_descriptor_estimate"
    },
    "lane_fidelity": true,
    "off_lane_shortcut_gap_m": 1.6029711348626101,
    "leader_reverse_turn_required": 0.4276816963391232
  },
  "scenario": {
    "seed": 20670978,
    "style": "lane_constrained",
    "planner_seed": 20671075,
    "obstacles": [
      {
        "x": -4.0,
        "y": 2.0237277551295465,
        "width": 25.0,
        "height": 0.34,
        "yaw": 0.0
      },
      {
        "x": -6.832792258145594,
        "y": 0.01372775512954641,
        "width": 19.334415483708813,
        "height": 0.34,
        "yaw": 0.0
      },
      {
        "x": 7.317207741854406,
        "y": 0.01372775512954641,
        "width": 2.3655845162911877,
        "height": 0.34,
        "yaw": 0.0
      },
      {
        "x": 4.484415483708812,
        "y": -1.2412722448704534,
        "width": 3.3,
        "height": 0.34,
        "yaw": 0.0
      }
    ],
    "leader": {
      "vehicle_id": 2,
      "x": 4.114705411095292,
      "y": -0.24814875292954708,
      "yaw": -0.4781511449980957,
      "v": 0.0,
      "delta": 0.0,
      "mode": "FREE"
    },
    "follower": {
      "vehicle_id": 1,
      "x": -3.886614104019662,
      "y": 1.0328934152424372,
      "yaw": 0.0,
      "v": 0.0,
      "delta": 0.0,
      "mode": "DOCKING"
    },