{
  "schema_version": "dockbench-v1.0",
  "scene_id": "DBv1-SC-L3-033",
  "split": "test",
  "family": "SC",
  "difficulty": "L3",
  "generator_version": "dock_sgen_1.0",
  "max_time_s": 32.0,
  "map": {
    "width_m": 40.0,
    "height_m": 20.0,
    "resolution_m": 0.05
  },
  "leader": {
    "x": 10.276698206583745,
    "y": -2.205109675290417,
    "yaw": -0.22051709252518994
  },
  "follower": {
    "x": 0.8118043466972651,
    "y": -0.08553666240068791,
    "yaw": -0.4012243066567083
  },
  "obstacles": [
    {
      "x": 5.842813156152688,
      "y": -0.6997992903423822,
      "width": 0.6400000000000001,
      "height": 1.34,
      "yaw": -0.2203057613830609,
      "role": "screen"
    },
    {
      "x": -13.849758170347966,
      "y": 3.2110483566001182,
      "width": 0.8821068042926724,
      "height": 0.9296325471885905,
      "yaw": -0.35356739456497016,
      "role": "background"
    },
    {
      "x": 9.817306737321253,
      "y": -7.285504978007829,
      "width": 0.9893473346356135,
      "height": 1.1804310065496377,
      "yaw": 0.3364948882787294,
      "role": "background"
    }
  ],
  "descriptors": {
    "d0_m": 8.120728347002814,
    "heading_diff_deg": 10.353760697302823,
    "bearing_deg": -179.98789161747632,
    "boundary_margin_m": 7.794890324709582,
    "clutter_ratio": 0.0035568643317726288,
    "occlusion_index": 0.40588235294117647,
    "detour_factor": 1.1196000000000002,
    "homotopy_count": 2.0,
    "dock_zone_clearance_m": 1.4271237505767582,
    "staging_shift_required_m": 0.268,
    "capture_constraint_index": 0.161717642496933
  },
  "quality": {
    "valid": true,
    "label_fidelity": true,
    "diversity_score": 1.0,
    "balance_score": 0.6666666666666667,
    "scene_quality_score": 0.8999999999999999,
    "raw_diversity_distance": 0.6258605165867305
  },
  "audit": {
    "direct_los_blocked": true,
    "large_obstacle_present": false,
    "stage_plan": {
      "leader_goal": {
        "vehicle_id": 2,
        "x": 10.538208445604692,
        "y": -2.2637304470970703,
        "yaw": -0.22051709252518994,
        "v": 0.0,
        "delta": 0.0,
        "mode": "FREE"
      },
      "follower_goal": {
        "vehicle_id": 1,
        "x": 7.886026245384799,
        "y": -1.6692108285504912,
        "yaw": -0.22051709252518994,
        "v": 0.0,
        "delta": 0.0,
        "mode": "DOCKING"
      },
      "leader_path_xy": [
        [
          10.276698206583745,
          -2.205109675290417
        ],
        [
          10.538208445604692,
          -2.2637304470970703
        ]
      ],
      "follower_path_xy": [
        [
          0.8118043466972651,
          -0.08553666240068791
        ],
        [
          7.886026245384799,
          -1.6692108285504912
        ]
      ],
      "score": 1.3876000000000002,
      "reason": "heuristic_descriptor_estimate"
    }
  },
  "scenario": {
    "seed": 20380585,
    "style": "switching_critical",
    "planner_seed": 20380682,
    "obstacles": [
      {
        "x": 5.842813156152688,
        "y": -0.6997992903423822,
        "width": 0.6400000000000001,
        "height": 1.34,
        "yaw": -0.2203057613830609
      },
      {
        "x": -13.849758170347966,
        "y": 3.2110483566001182,
        "width": 0.8821068042926724,
        "height": 0.9296325471885905,
        "yaw": -0.35356739456497016
      },
      {
        "x": 9.817306737321253,
        "y": -7.285504978007829,
        "width": 0.9893473346356135,
        "height": 1.1804310065496377,
        "yaw": 0.3364948882787294
      }
    ],
    "leader": {
      "vehicle_id": 2,
      "x": 10.276698206583745,
      "y": -2.205109675290417,
      "yaw": -0.22051709252518994,
      "v": 0.0,
      "delta": 0.0,
      "mode": "FREE"
    },
    "follower": {
      "vehicle_id": 1,
      "x": 0.8118043466972651,
      "y": -0.08553666240068791,
      "yaw": -0.4012243066567083,
      "v": 0.0,
      "delta": 0.0,
      "mode": "DOCKING"
    },
    "leader_relocation_m": 0.268,
    "follower_detour_ratio": 1.1196000000000002,
    "direct_los_blocked": true,
    "large_obstacle_present": false,
    "subset_tag": "Switching-Critical"
  }
}