{
  "schema_version": "dockbench-v1.0",
  "scene_id": "DBv1-LC-L3-089",
  "split": "test",
  "family": "LC",
  "difficulty": "L3",
  "generator_version": "dock_sgen_1.1",
  "max_time_s": 38.0,
  "map": {
    "width_m": 40.0,
    "height_m": 20.0,
    "resolution_m": 0.05
  },
  "leader": {
    "x": 3.296994749704024,
    "y": 0.003217574492804076,
    "yaw": -0.956397061566679
  },
  "follower": {
    "x": -5.033823062912464,
    "y": 1.0540000191986814,
    "yaw": 0.0
  },
  "obstacles": [
    {
      "x": -4.0,
      "y": 1.984487816030358,
      "width": 25.0,
      "height": 0.34,
      "yaw": 0.0,
      "role": "channel"
    },
    {
      "x": -7.268971300417664,
      "y": 0.19448781603035828,
      "width": 18.46205739916467,
      "height": 0.34,
      "yaw": 0.0,
      "role": "channel"
    },
    {
      "x": 7.4310286995823365,
      "y": 0.19448781603035828,
      "width": 2.137942600835327,
      "height": 0.34,
      "yaw": 0.0,
      "role": "channel"
    },
    {
      "x": 4.162057399164673,
      "y": -1.4055121839696418,
      "width": 4.4,
      "height": 0.34,
      "yaw": 0.0,
      "role": "hybrid"
    }
  ],
  "descriptors": {
    "d0_m": 6.955032390957365,
    "heading_diff_deg": 54.797515166484246,
    "bearing_deg": -132.39135144243122,
    "boundary_margin_m": 8.945999980801318,
    "clutter_ratio": 0.02125,
    "occlusion_index": 0.0,
    "detour_factor": 1.1825806451612904,
    "homotopy_count": 2.0,
    "dock_zone_clearance_m": 0.0,
    "staging_shift_required_m": 1.1955769983816726,
    "capture_constraint_index": 0.8141190066635824,
    "corridor_width_min_m": 1.45,
    "bottleneck_ratio": 0.31182795698924726,
    "corridor_turn_deg_max": 53.454210919868665,
    "branch_count": 1.0,
    "drivable_area_ratio": 0.05411249999999999,
    "off_lane_shortcut_gap_m": 2.2557009896722793,
    "leader_reverse_turn_required": 1.0,
    "leader_micro_adjust_budget_m": 1.5695453336626537
  },
  "quality": {
    "valid": true,
    "label_fidelity": true,
    "lane_fidelity": true,
    "diversity_score": 0.9484854022043487,
    "balance_score": 0.33333333333333337,
    "scene_quality_score": 0.7639397815430441,
    "raw_diversity_distance": 0.17072737239678276
  },
  "lane": {
    "enabled": true,
    "category": "LC",
    "corridor_polygons": [
      [
        [
          8.5,
          1.8144878160303581
        ],
        [
          8.5,
          0.3644878160303583
        ],
        [
          -16.5,
          0.3644878160303583
        ],
        [
          -16.5,
          1.8144878160303581
        ]
      ],
      [
        [
          6.362057399164673,
          0.3644878160303583
        ],
        [
          6.362057399164673,
          -1.235512183969642
        ],
        [
          1.9620573991646726,
          -1.235512183969642
        ],
        [
          1.9620573991646726,
          0.3644878160303583
        ]
      ]
    ],
    "centerline": [
      [
        -16.5,
        1.0894878160303583
      ],
      [
        4.162057399164673,
        1.0894878160303583
      ],
      [
        8.5,
        1.0894878160303583
      ]
    ],
    "width_profile_m": [
      1.45,
      4.65,
      1.45
    ],
    "branch_count": 1,
    "bottleneck_ratio": 0.31182795698924726,
    "corridor_width_min_m": 1.45,
    "corridor_turn_deg_max": 53.454210919868665,
    "drivable_area_ratio": 0.05411249999999999,
    "leader_reverse_turn_required": 1.0,
    "leader_micro_adjust_budget_m": 1.5695453336626537,
    "heading_gap_regime": "large",
    "bay_depth_m": 1.6,
    "leader_stage_anchor_xy": [
      4.162057399164673,
      0.8284878160303583
    ],
    "leader_stage_anchor_yaw": 0.0,
    "leader_stage_path_xy": [
      [
        3.296994749704024,
        0.003217574492804076
      ],
      [
        3.296994749704024,
        0.1407626147490631
      ],
      [
        3.296994749704024,
        0.2783076550053221
      ],
      [
        3.296994749704024,
        0.4158526952615812
      ],
      [
        3.296994749704024,
        0.5533977355178401
      ],
      [
        3.296994749704024,
        0.6909427757740991
      ],
      [
        3.296994749704024,
        0.8284878160303583
      ],
      [
        3.5132604120691866,
        0.8284878160303583
      ],
      [
        3.7295260744343484,
        0.8284878160303583
      ],
      [
        3.94579173679951,
        0.8284878160303583
      ],
      [
        4.162057399164673,
        0.8284878160303583
      ]
    ],
    "follower_stage_path_xy": [
      [
        -5.033823062912464,
        1.0540000191986814
      ],
      [
        -4.203088005152821,
        1.058435993802641
      ],
      [
        -3.3723529473931793,
        1.0628719684066006
      ],
      [
        -2.5416178896335375,
        1.0673079430105603
      ],
      [
        -1.7108828318738953,
        1.0717439176145198
      ],
      [
        -0.8801477741142532,
        1.0761798922184793
      ],
      [
        -0.0494127163546112,
        1.080615866822439
      ],
      [
        0.7813223414050309,
        1.0850518414263988
      ],
      [
        1.612057399164673,
        1.0894878160303583
      ],
      [
        1.612057399164673,
        1.0242378160303582
      ],
      [
        1.612057399164673,
        0.9589878160303582
      ],
      [
        1.612057399164673,
        0.8937378160303582
      ],
      [
        1.612057399164673,
        0.8284878160303583
      ]
    ],
    "corridor_entry_xy": [
      4.162057399164673,
      1.0894878160303583
    ],
    "off_lane_shortcut_gap_m": 2.2557009896722793,
    "lane_fidelity": true
  },
  "audit": {
    "direct_los_blocked": false,
    "large_obstacle_present": true,
    "stage_plan": {
      "leader_goal": {
        "vehicle_id": 2,
        "x": 4.201787022998011,
        "y": -1.2792891493140186,
        "yaw": -0.956397061566679,
        "v": 0.0,
        "delta": 0.0,
        "mode": "FREE"
      },
      "follower_goal": {
        "vehicle_id": 1,
        "x": 1.8846487524098046,
        "y": 2.005161325932139,
        "yaw": -0.956397061566679,
        "v": 0.0,
        "delta": 0.0,
        "mode": "DOCKING"
      },
      "leader_path_xy": [
        [
          3.296994749704024,
          0.003217574492804076
        ],
        [
          4.201787022998011,
          -1.2792891493140186
        ]
      ],
      "follower_path_xy": [
        [
          -5.033823062912464,
          1.0540000191986814
        ],
        [
          1.8846487524098046,
          2.005161325932139
        ]
      ],
      "score": 2.752125978823944,
      "reason": "heuristic_descriptor_estimate"
    },
    "lane_fidelity": true,
    "off_lane_shortcut_gap_m": 2.2557009896722793,
    "leader_reverse_turn_required": 1.0
  },
  "scenario": {
    "seed": 20680847,
    "style": "lane_constrained",
    "planner_seed": 20680944,
    "obstacles": [
      {
        "x": -4.0,
        "y": 1.984487816030358,
        "width": 25.0,
        "height": 0.34,
        "yaw": 0.0
      },
      {
        "x": -7.268971300417664,
        "y": 0.19448781603035828,
        "width": 18.46205739916467,
        "height": 0.34,
        "yaw": 0.0
      },
      {
        "x": 7.4310286995823365,
        "y": 0.19448781603035828,
        "width": 2.137942600835327,
        "height": 0.34,
        "yaw": 0.0
      },
      {
        "x": 4.162057399164673,
        "y": -1.4055121839696418,
        "width": 4.4,
        "height": 0.34,
        "yaw": 0.0
      }
    ],
    "leader": {
      "vehicle_id": 2,
      "x": 3.296994749704024,
      "y": 0.003217574492804076,
      "yaw": -0.956397061566679,
      "v": 0.0,
      "delta": 0.0,
      "mode": "FREE"
    },
    "follower": {
      "vehicle_id": 1,
      "x": -5.033823062912464,
      "y": 1.0540000191986814,
      "yaw": 0.0,
      "v": 0.0,
      "delta": 0.0,
      "mode": "DOCKING"
    },
    "leader_relocation_m": 1.1955769983816726,