{
  "schema_version": "dockbench-v1.0",
  "scene_id": "DBv1-LC-L1-074",
  "split": "test",
  "family": "LC",
  "difficulty": "L1",
  "generator_version": "dock_sgen_1.1",
  "max_time_s": 26.0,
  "map": {
    "width_m": 40.0,
    "height_m": 20.0,
    "resolution_m": 0.05
  },
  "leader": {
    "x": 5.5262026051665964,
    "y": -0.8075531697577983,
    "yaw": -0.1835967771246573
  },
  "follower": {
    "x": -1.8916508121802602,
    "y": 0.6072582026437476,
    "yaw": 0.0
  },
  "obstacles": [
    {
      "x": -4.0,
      "y": 1.9146559486066268,
      "width": 25.0,
      "height": 0.34,
      "yaw": 0.0,
      "role": "channel"
    },
    {
      "x": -6.1314626649577955,
      "y": -0.5753440513933731,
      "width": 20.73707467008441,
      "height": 0.34,
      "yaw": 0.0,
      "role": "channel"
    },
    {
      "x": 7.768537335042205,
      "y": -0.5753440513933731,
      "width": 1.4629253299155902,
      "height": 0.34,
      "yaw": 0.0,
      "role": "channel"
    },
    {
      "x": 5.637074670084409,
      "y": -1.5503440513933728,
      "width": 2.8,
      "height": 0.34,
      "yaw": 0.0,
      "role": "hybrid"
    }
  ],
  "descriptors": {
    "d0_m": 5.975905671926564,
    "heading_diff_deg": 10.519320461446872,
    "bearing_deg": 179.72095894236324,
    "boundary_margin_m": 9.192446830242202,
    "clutter_ratio": 0.02125,
    "occlusion_index": 0.4764705882352941,
    "detour_factor": 1.1570731707317075,
    "homotopy_count": 2.0,
    "dock_zone_clearance_m": 0.0,
    "staging_shift_required_m": 1.1824186750637387,
    "capture_constraint_index": 0.4285832367201338,
    "corridor_width_min_m": 2.15,
    "bottleneck_ratio": 0.524390243902439,
    "corridor_turn_deg_max": 21.573910732241753,
    "branch_count": 1.0,
    "drivable_area_ratio": 0.07060000000000001,
    "off_lane_shortcut_gap_m": 1.459830670203214,
    "leader_reverse_turn_required": 0.04816347941001391,
    "leader_micro_adjust_budget_m": 1.4824186750637387
  },
  "quality": {
    "valid": true,
    "label_fidelity": true,
    "lane_fidelity": true,
    "diversity_score": 1.0,
    "balance_score": 0.8333333333333334,
    "scene_quality_score": 0.95,
    "raw_diversity_distance": 0.186454689110561
  },
  "lane": {
    "enabled": true,
    "category": "LC",
    "corridor_polygons": [
      [
        [
          8.5,
          1.7446559486066269
        ],
        [
          8.5,
          -0.40534405139337304
        ],
        [
          -16.5,
          -0.40534405139337304
        ],
        [
          -16.5,
          1.7446559486066269
        ]
      ],
      [
        [
          7.03707467008441,
          -0.40534405139337304
        ],
        [
          7.03707467008441,
          -1.380344051393373
        ],
        [
          4.237074670084409,
          -1.380344051393373
        ],
        [
          4.237074670084409,
          -0.40534405139337304
        ]
      ]
    ],
    "centerline": [
      [
        -16.5,
        0.6696559486066269
      ],
      [
        5.637074670084409,
        0.6696559486066269
      ],
      [
        8.5,
        0.6696559486066269
      ]
    ],
    "width_profile_m": [
      2.15,
      4.1,
      2.15
    ],
    "branch_count": 1,
    "bottleneck_ratio": 0.524390243902439,
    "corridor_width_min_m": 2.15,
    "corridor_turn_deg_max": 21.573910732241753,
    "drivable_area_ratio": 0.07060000000000001,
    "leader_reverse_turn_required": 0.04816347941001391,
    "leader_micro_adjust_budget_m": 1.4824186750637387,
    "heading_gap_regime": "small",
    "bay_depth_m": 0.975,
    "leader_stage_anchor_xy": [
      5.637074670084409,
      0.3696559486066269
    ],
    "leader_stage_anchor_yaw": 0.0,
    "leader_stage_path_xy": [
      [
        5.5262026051665964,
        -0.8075531697577983
      ],
      [
        5.5262026051665964,
        -0.6113516500303942
      ],
      [
        5.5262026051665964,
        -0.41515013030299
      ],
      [
        5.5262026051665964,
        -0.2189486105755857
      ],
      [
        5.5262026051665964,
        -0.022747090848181523
      ],
      [
        5.5262026051665964,
        0.1734544288792226
      ],
      [
        5.5262026051665964,
        0.3696559486066269
      ],
      [
        5.55392062139605,
        0.3696559486066269
      ],
      [
        5.5816386376255025,
        0.3696559486066269
      ],
      [
        5.609356653854956,
        0.3696559486066269
      ],
      [
        5.637074670084409,
        0.3696559486066269
      ]
    ],
    "follower_stage_path_xy": [
      [
        -1.8916508121802602,
        0.6072582026437476
      ],
      [
        -1.2693101268971767,
        0.6150579208891075
      ],
      [
        -0.6469694416140928,
        0.6228576391344675
      ],
      [
        -0.024628756331008805,
        0.6306573573798274
      ],
      [
        0.5977119289520747,
        0.6384570756251873
      ],
      [
        1.2200526142351582,
        0.6462567938705471
      ],
      [
        1.8423932995182424,
        0.6540565121159072
      ],
      [
        2.464733984801326,
        0.6618562303612671
      ],
      [
        3.0870746700844096,
        0.6696559486066269
      ],
      [
        3.0870746700844096,
        0.594655948606627
      ],
      [
        3.0870746700844096,
        0.5196559486066269
      ],
      [
        3.0870746700844096,
        0.44465594860662694
      ],
      [
        3.0870746700844096,
        0.3696559486066269
      ]
    ],
    "corridor_entry_xy": [
      5.637074670084409,
      0.6696559486066269
    ],
    "off_lane_shortcut_gap_m": 1.459830670203214,
    "lane_fidelity": true
  },
  "audit": {
    "direct_los_blocked": true,
    "large_obstacle_present": true,
    "stage_plan": {
      "leader_goal": {
        "vehicle_id": 2,
        "x": 6.088023943534375,
        "y": -0.9118765693173461,
        "yaw": -0.1835967771246573,
        "v": 0.0,
        "delta": 0.0,
        "mode": "FREE"
      },
      "follower_goal": {
        "vehicle_id": 1,
        "x": 3.1173787731779177,
        "y": -0.3602638378445768,
        "yaw": -0.1835967771246573,
        "v": 0.0,
        "delta": 0.0,
        "mode": "DOCKING"
      },
      "leader_path_xy": [
        [
          5.5262026051665964,
          -0.8075531697577983
        ],
        [
          6.088023943534375,
          -0.9118765693173461
        ]
      ],
      "follower_path_xy": [
        [
          -1.8916508121802602,
          0.6072582026437476
        ],
        [
          3.1173787731779177,
          -0.3602638378445768
        ]
      ],
      "score": 1.7284982208835389,
      "reason": "heuristic_descriptor_estimate"
    },
    "lane_fidelity": true,
    "off_lane_shortcut_gap_m": 1.459830670203214,
    "leader_reverse_turn_required": 0.04816347941001391
  },
  "scenario": {
    "seed": 20660454,
    "style": "lane_constrained",
    "planner_seed": 20660551,
    "obstacles": [
      {
        "x": -4.0,
        "y": 1.9146559486066268,
        "width": 25.0,
        "height": 0.34,
        "yaw": 0.0
      },
      {
        "x": -6.1314626649577955,
        "y": -0.5753440513933731,
        "width": 20.73707467008441,
        "height": 0.34,
        "yaw": 0.0
      },
      {
        "x": 7.768537335042205,
        "y": -0.5753440513933731,
        "width": 1.4629253299155902,
        "height": 0.34,
        "yaw": 0.0
      },
      {
        "x": 5.637074670084409,
        "y": -1.5503440513933728,
        "width": 2.8,
        "height": 0.34,
        "yaw": 0.0
      }
    ],
    "leader": {
      "vehicle_id": 2,
      "x": 5.5262026051665964,
      "y": -0.8075531697577983,
      "yaw": -0.1835967771246573,
      "v": 0.0,
      "delta": 0.0,
      "mode": "FREE"
    },
    "follower": {
      "vehicle_id": 1,
      "x": -1.8916508121802602,
      "y": 0.6072582026437476,
      "yaw": 0.0,
      "v": 0.0,
      "delta": 0.0,
      "mode": "DOCKING"
    },