{
  "schema_version": "dockbench-v1.0",
  "scene_id": "DBv1-SC-L2-029",
  "split": "test",
  "family": "SC",
  "difficulty": "L2",
  "generator_version": "dock_sgen_1.1",
  "max_time_s": 28.0,
  "map": {
    "width_m": 40.0,
    "height_m": 20.0,
    "resolution_m": 0.05
  },
  "leader": {
    "x": 5.1901442753652,
    "y": 1.3295790735202067,
    "yaw": -0.22657430615831636
  },
  "follower": {
    "x": -3.2935654109222314,
    "y": 3.1235929657157118,
    "yaw": -0.08776800264322168
  },
  "obstacles": [
    {
      "x": 1.2317533920286814,
      "y": 2.7288060011450415,
      "width": 0.62,
      "height": 1.4200000000000002,
      "yaw": -0.20839560445941632,
      "role": "screen"
    },
    {
      "x": 7.971737329561648,
      "y": 7.741194515170731,
      "width": 1.2711252186762254,
      "height": 1.2945225985495061,
      "yaw": -0.40830991543549405,
      "role": "background"
    },
    {
      "x": -5.402041513363184,
      "y": -1.8662254256837851,
      "width": 0.8926536336677273,
      "height": 1.1010340144116029,
      "yaw": 0.4741602894554823,
      "role": "background"
    }
  ],
  "descriptors": {
    "d0_m": 7.080949730493963,
    "heading_diff_deg": 7.953015361226844,
    "bearing_deg": -178.95843711562569,
    "boundary_margin_m": 6.876407034284288,
    "clutter_ratio": 0.004385927918648548,
    "occlusion_index": 0.4411764705882353,
    "detour_factor": 1.1148,
    "homotopy_count": 2.0,
    "dock_zone_clearance_m": 0.9440033549211032,
    "staging_shift_required_m": 0.264,
    "capture_constraint_index": 0.11677628855868799,
    "corridor_width_min_m": 0.0,
    "bottleneck_ratio": 0.0,
    "corridor_turn_deg_max": 0.0,
    "branch_count": 0.0,
    "drivable_area_ratio": 1.0,
    "off_lane_shortcut_gap_m": 0.0,
    "leader_reverse_turn_required": 0.0,
    "leader_micro_adjust_budget_m": 0.0
  },
  "quality": {
    "valid": true,
    "label_fidelity": true,
    "lane_fidelity": true,
    "diversity_score": 1.0,
    "balance_score": 0.33333333333333337,
    "scene_quality_score": 0.7999999999999999,
    "raw_diversity_distance": 0.32543099693790356
  },
  "lane": {},
  "audit": {
    "direct_los_blocked": true,
    "large_obstacle_present": false,
    "stage_plan": {
      "leader_goal": {
        "vehicle_id": 2,
        "x": 5.447396874003872,
        "y": 1.2702739262423326,
        "yaw": -0.22657430615831636,
        "v": 0.0,
        "delta": 0.0,
        "mode": "FREE"
      },
      "follower_goal": {
        "vehicle_id": 1,
        "x": 2.802762204665403,
        "y": 1.8799488115156289,
        "yaw": -0.22657430615831636,
        "v": 0.0,
        "delta": 0.0,
        "mode": "DOCKING"
      },
      "leader_path_xy": [
        [
          5.1901442753652,
          1.3295790735202067
        ],
        [
          5.447396874003872,
          1.2702739262423326
        ]
      ],
      "follower_path_xy": [
        [
          -3.2935654109222314,
          3.1235929657157118
        ],
        [
          2.802762204665403,
          1.8799488115156289
        ]
      ],
      "score": 1.3788,
      "reason": "heuristic_descriptor_estimate"
    },
    "lane_fidelity": true,
    "off_lane_shortcut_gap_m": 0.0,
    "leader_reverse_turn_required": 0.0
  },
  "scenario": {
    "seed": 20370847,
    "style": "switching_critical",
    "planner_seed": 20370944,
    "obstacles": [
      {
        "x": 1.2317533920286814,
        "y": 2.7288060011450415,
        "width": 0.62,
        "height": 1.4200000000000002,
        "yaw": -0.20839560445941632
      },
      {
        "x": 7.971737329561648,
        "y": 7.741194515170731,
        "width": 1.2711252186762254,
        "height": 1.2945225985495061,
        "yaw": -0.40830991543549405
      },
      {
        "x": -5.402041513363184,
        "y": -1.8662254256837851,
        "width": 0.8926536336677273,
        "height": 1.1010340144116029,
        "yaw": 0.4741602894554823
      }
    ],
    "leader": {
      "vehicle_id": 2,
      "x": 5.1901442753652,
      "y": 1.3295790735202067,
      "yaw": -0.22657430615831636,
      "v": 0.0,
      "delta": 0.0,
      "mode": "FREE"
    },
    "follower": {
      "vehicle_id": 1,
      "x": -3.2935654109222314,
      "y": 3.1235929657157118,
      "yaw": -0.08776800264322168,
      "v": 0.0,
      "delta": 0.0,
      "mode": "DOCKING"
    },
    "leader_relocation_m": 0.264,
    "follower_detour_ratio": 1.1148,
    "direct_los_blocked": true,
    "large_obstacle_present": false,
    "subset_tag": "Switching-Critical",
    "lane_constrained": false
  }
}