{
  "schema_version": "dockbench-v1.0",
  "scene_id": "DBv1-LC-L1-076",
  "split": "test",
  "family": "LC",
  "difficulty": "L1",
  "generator_version": "dock_sgen_1.1",
  "max_time_s": 26.0,
  "map": {
    "width_m": 40.0,
    "height_m": 20.0,
    "resolution_m": 0.05
  },
  "leader": {
    "x": 5.195785815228277,
    "y": 0.14542558886303464,
    "yaw": 0.2150688666892231
  },
  "follower": {
    "x": -1.380280153185069,
    "y": -1.2096364009660594,
    "yaw": 0.0
  },
  "obstacles": [
    {
      "x": -4.0,
      "y": -2.514574411136965,
      "width": 25.0,
      "height": 0.34,
      "yaw": 0.0,
      "role": "channel"
    },
    {
      "x": -6.323917336541271,
      "y": -0.024574411136965374,
      "width": 20.352165326917458,
      "height": 0.34,
      "yaw": 0.0,
      "role": "channel"
    },
    {
      "x": 7.576082663458729,
      "y": -0.024574411136965374,
      "width": 1.8478346730825415,
      "height": 0.34,
      "yaw": 0.0,
      "role": "channel"
    },
    {
      "x": 5.252165326917458,
      "y": 0.9504255888630345,
      "width": 2.8,
      "height": 0.34,
      "yaw": 0.0,
      "role": "hybrid"
    }
  ],
  "descriptors": {
    "d0_m": 5.142923388436793,
    "heading_diff_deg": 12.322538365954221,
    "bearing_deg": 179.3208417391553,
    "boundary_margin_m": 8.79036359903394,
    "clutter_ratio": 0.02125,
    "occlusion_index": 0.3,
    "detour_factor": 1.1570731707317075,
    "homotopy_count": 2.0,
    "dock_zone_clearance_m": 0.0,
    "staging_shift_required_m": 1.1164244933439569,
    "capture_constraint_index": 0.4498112027909266,
    "corridor_width_min_m": 2.15,
    "bottleneck_ratio": 0.524390243902439,
    "corridor_turn_deg_max": 22.87222762348704,
    "branch_count": 1.0,
    "drivable_area_ratio": 0.07059999999999998,
    "off_lane_shortcut_gap_m": 1.33491436577075,
    "leader_reverse_turn_required": 0.0826367628785366,
    "leader_micro_adjust_budget_m": 1.416424493343957
  },
  "quality": {
    "valid": true,
    "label_fidelity": true,
    "lane_fidelity": true,
    "diversity_score": 1.0,
    "balance_score": 0.5,
    "scene_quality_score": 0.85,
    "raw_diversity_distance": 0.20528091827838785
  },
  "lane": {
    "enabled": true,
    "category": "LC",
    "corridor_polygons": [
      [
        [
          8.5,
          -0.1945744111369654
        ],
        [
          8.5,
          -2.344574411136965
        ],
        [
          -16.5,
          -2.344574411136965
        ],
        [
          -16.5,
          -0.1945744111369654
        ]
      ],
      [
        [
          6.6521653269174585,
          0.7804255888630345
        ],
        [
          6.6521653269174585,
          -0.1945744111369654
        ],
        [
          3.8521653269174583,
          -0.1945744111369654
        ],
        [
          3.8521653269174583,
          0.7804255888630345
        ]
      ]
    ],
    "centerline": [
      [
        -16.5,
        -1.2695744111369653
      ],
      [
        5.252165326917458,
        -1.2695744111369653
      ],
      [
        8.5,
        -1.2695744111369653
      ]
    ],
    "width_profile_m": [
      2.15,
      4.1,
      2.15
    ],
    "branch_count": 1,
    "bottleneck_ratio": 0.524390243902439,
    "corridor_width_min_m": 2.15,
    "corridor_turn_deg_max": 22.87222762348704,
    "drivable_area_ratio": 0.07059999999999998,
    "leader_reverse_turn_required": 0.0826367628785366,
    "leader_micro_adjust_budget_m": 1.416424493343957,
    "heading_gap_regime": "small",
    "bay_depth_m": 0.975,
    "leader_stage_anchor_xy": [
      5.252165326917458,
      -0.9695744111369653
    ],
    "leader_stage_anchor_yaw": 0.0,
    "leader_stage_path_xy": [
      [
        5.195785815228277,
        0.14542558886303464
      ],
      [
        5.195785815228277,
        -0.040407744470298684
      ],
      [
        5.195785815228277,
        -0.226241077803632
      ],
      [
        5.195785815228277,
        -0.4120744111369653
      ],
      [
        5.195785815228277,
        -0.5979077444702986
      ],
      [
        5.195785815228277,
        -0.7837410778036319
      ],
      [
        5.195785815228277,
        -0.9695744111369653
      ],
      [
        5.209880693150572,
        -0.9695744111369653
      ],
      [
        5.2239755710728675,
        -0.9695744111369653
      ],
      [
        5.238070448995163,
        -0.9695744111369653
      ],
      [
        5.252165326917458,
        -0.9695744111369653
      ]
    ],
    "follower_stage_path_xy": [
      [
        -1.380280153185069,
        -1.2096364009660594
      ],
      [
        -0.8699744681722531,
        -1.2171286522374225
      ],
      [
        -0.3596687831594372,
        -1.2246209035087858
      ],
      [
        0.15063690185337864,
        -1.2321131547801492
      ],
      [
        0.6609425868661947,
        -1.2396054060515125
      ],
      [
        1.1712482718790107,
        -1.2470976573228756
      ],
      [
        1.6815539568918263,
        -1.254589908594239
      ],
      [
        2.1918596419046423,
        -1.2620821598656022
      ],
      [
        2.7021653269174584,
        -1.2695744111369653
      ],
      [
        2.7021653269174584,
        -1.1945744111369654
      ],
      [
        2.7021653269174584,
        -1.1195744111369654
      ],
      [
        2.7021653269174584,
        -1.0445744111369653
      ],
      [
        2.7021653269174584,
        -0.9695744111369653
      ]
    ],
    "corridor_entry_xy": [
      5.252165326917458,
      -1.2695744111369653
    ],
    "off_lane_shortcut_gap_m": 1.33491436577075,
    "lane_fidelity": true
  },
  "audit": {
    "direct_los_blocked": true,
    "large_obstacle_present": true,
    "stage_plan": {
      "leader_goal": {
        "vehicle_id": 2,
        "x": 5.79280304950363,
        "y": 0.27584243054616986,
        "yaw": 0.2150688666892231,
        "v": 0.0,
        "delta": 0.0,
        "mode": "FREE"
      },
      "follower_goal": {
        "vehicle_id": 1,
        "x": 2.802229651798437,
        "y": -0.3774404480020743,
        "yaw": 0.2150688666892231,
        "v": 0.0,
        "delta": 0.0,
        "mode": "DOCKING"
      },
      "leader_path_xy": [
        [
          5.195785815228277,
          0.14542558886303464
        ],
        [
          5.79280304950363,
          0.27584243054616986
        ]
      ],
      "follower_path_xy": [
        [
          -1.380280153185069,
          -1.2096364009660594
        ],
        [
          2.802229651798437,
          -0.3774404480020743
        ]
      ],
      "score": 1.7681690147827003,
      "reason": "heuristic_descriptor_estimate"
    },
    "lane_fidelity": true,
    "off_lane_shortcut_gap_m": 1.33491436577075,
    "leader_reverse_turn_required": 0.0826367628785366
  },
  "scenario": {
    "seed": 20660716,
    "style": "lane_constrained",
    "planner_seed": 20660813,
    "obstacles": [
      {
        "x": -4.0,
        "y": -2.514574411136965,
        "width": 25.0,
        "height": 0.34,
        "yaw": 0.0
      },
      {
        "x": -6.323917336541271,
        "y": -0.024574411136965374,
        "width": 20.352165326917458,
        "height": 0.34,
        "yaw": 0.0
      },
      {
        "x": 7.576082663458729,
        "y": -0.024574411136965374,
        "width": 1.8478346730825415,
        "height": 0.34,
        "yaw": 0.0
      },
      {
        "x": 5.252165326917458,
        "y": 0.9504255888630345,
        "width": 2.8,
        "height": 0.34,
        "yaw": 0.0
      }
    ],
    "leader": {
      "vehicle_id": 2,
      "x": 5.195785815228277,
      "y": 0.14542558886303464,
      "yaw": 0.2150688666892231,
      "v": 0.0,
      "delta": 0.0,
      "mode": "FREE"
    },
    "follower": {
      "vehicle_id": 1,
      "x": -1.380280153185069,
      "y": -1.2096364009660594,
      "yaw": 0.0,
      "v": 0.0,
      "delta": 0.0,
      "mode": "DOCKING"
    },
    "leader_relocation_m": 1.1164244933439569,