{
  "schema_version": "dockbench-v1.0",
  "scene_id": "DBv1-LC-L3-087",
  "split": "test",
  "family": "LC",
  "difficulty": "L3",
  "generator_version": "dock_sgen_1.1",
  "max_time_s": 38.0,
  "map": {
    "width_m": 40.0,
    "height_m": 20.0,
    "resolution_m": 0.05
  },
  "leader": {
    "x": 5.250512802823309,
    "y": -1.3686369852023335,
    "yaw": -0.9020806490828033
  },
  "follower": {
    "x": -3.021909305777571,
    "y": -0.23557624807195957,
    "yaw": 0.0
  },
  "obstacles": [
    {
      "x": -4.0,
      "y": 0.6460292918705954,
      "width": 25.0,
      "height": 0.34,
      "yaw": 0.0,
      "role": "channel"
    },
    {
      "x": -6.4928804513675225,
      "y": -1.1439707081294046,
      "width": 20.014239097264955,
      "height": 0.34,
      "yaw": 0.0,
      "role": "channel"
    },
    {
      "x": 8.207119548632477,
      "y": -1.1439707081294046,
      "width": 0.5857609027350454,
      "height": 0.34,
      "yaw": 0.0,
      "role": "channel"
    },
    {
      "x": 5.714239097264954,
      "y": -2.743970708129405,
      "width": 4.4,
      "height": 0.34,
      "yaw": 0.0,
      "role": "hybrid"
    }
  ],
  "descriptors": {
    "d0_m": 6.887737601998844,
    "heading_diff_deg": 51.685413972866485,
    "bearing_deg": -136.1137692821603,
    "boundary_margin_m": 8.631363014797667,
    "clutter_ratio": 0.02125,
    "occlusion_index": 0.0,
    "detour_factor": 1.1825806451612904,
    "homotopy_count": 2.0,
    "dock_zone_clearance_m": 0.0,
    "staging_shift_required_m": 0.9758841383785596,
    "capture_constraint_index": 0.8097586814267516,
    "corridor_width_min_m": 1.45,
    "bottleneck_ratio": 0.31182795698924726,
    "corridor_turn_deg_max": 51.21349806046387,
    "branch_count": 1.0,
    "drivable_area_ratio": 0.05411250000000001,
    "off_lane_shortcut_gap_m": 1.6233844828040382,
    "leader_reverse_turn_required": 0.9882873259518592,
    "leader_micro_adjust_budget_m": 1.5010791074030627
  },
  "quality": {
    "valid": true,
    "label_fidelity": true,
    "lane_fidelity": true,
    "diversity_score": 1.0,
    "balance_score": 0.6666666666666667,
    "scene_quality_score": 0.8999999999999999,
    "raw_diversity_distance": 0.5094376450018201
  },
  "lane": {
    "enabled": true,
    "category": "LC",
    "corridor_polygons": [
      [
        [
          8.5,
          0.4760292918705954
        ],
        [
          8.5,
          -0.9739707081294046
        ],
        [
          -16.5,
          -0.9739707081294046
        ],
        [
          -16.5,
          0.4760292918705954
        ]
      ],
      [
        [
          7.914239097264955,
          -0.9739707081294046
        ],
        [
          7.914239097264955,
          -2.573970708129405
        ],
        [
          3.514239097264954,
          -2.573970708129405
        ],
        [
          3.514239097264954,
          -0.9739707081294046
        ]
      ]
    ],
    "centerline": [
      [
        -16.5,
        -0.24897070812940458
      ],
      [
        5.714239097264954,
        -0.24897070812940458
      ],
      [
        8.5,
        -0.24897070812940458
      ]
    ],
    "width_profile_m": [
      1.45,
      4.65,
      1.45
    ],
    "branch_count": 1,
    "bottleneck_ratio": 0.31182795698924726,
    "corridor_width_min_m": 1.45,
    "corridor_turn_deg_max": 51.21349806046387,
    "drivable_area_ratio": 0.05411250000000001,
    "leader_reverse_turn_required": 0.9882873259518592,
    "leader_micro_adjust_budget_m": 1.5010791074030627,
    "heading_gap_regime": "large",
    "bay_depth_m": 1.6,
    "leader_stage_anchor_xy": [
      5.714239097264954,
      -0.5099707081294046
    ],
    "leader_stage_anchor_yaw": 0.0,
    "leader_stage_path_xy": [
      [
        5.250512802823309,
        -1.3686369852023335
      ],
      [
        5.250512802823309,
        -1.225525939023512
      ],
      [
        5.250512802823309,
        -1.0824148928446906
      ],
      [
        5.250512802823309,
        -0.939303846665869
      ],
      [
        5.250512802823309,
        -0.7961928004870475
      ],
      [
        5.250512802823309,
        -0.6530817543082261
      ],
      [
        5.250512802823309,
        -0.5099707081294046
      ],
      [
        5.36644437643372,
        -0.5099707081294046
      ],
      [
        5.482375950044132,
        -0.5099707081294046
      ],
      [
        5.598307523654543,
        -0.5099707081294046
      ],
      [
        5.714239097264954,
        -0.5099707081294046
      ]
    ],
    "follower_stage_path_xy": [
      [
        -3.021909305777571,
        -0.23557624807195957
      ],
      [
        -2.248640755397256,
        -0.23725055557914018
      ],
      [
        -1.4753722050169398,
        -0.23892486308632083
      ],
      [
        -0.7021036546366239,
        -0.24059917059350144
      ],
      [
        0.07116489574369167,
        -0.24227347810068206
      ],
      [
        0.8444334461240073,
        -0.2439477856078627
      ],
      [
        1.6177019965043233,
        -0.24562209311504332
      ],
      [
        2.390970546884639,
        -0.24729640062222397
      ],
      [
        3.1642390972649546,
        -0.24897070812940458
      ],
      [
        3.1642390972649546,
        -0.3142207081294046
      ],
      [
        3.1642390972649546,
        -0.3794707081294046
      ],
      [
        3.1642390972649546,
        -0.4447207081294046
      ],
      [
        3.1642390972649546,
        -0.5099707081294046
      ]
    ],
    "corridor_entry_xy": [
      5.714239097264954,
      -0.24897070812940458
    ],
    "off_lane_shortcut_gap_m": 1.6233844828040382,
    "lane_fidelity": true
  },
  "audit": {
    "direct_los_blocked": false,
    "large_obstacle_present": true,
    "stage_plan": {
      "leader_goal": {
        "vehicle_id": 2,
        "x": 6.181150019818804,
        "y": -2.5464115209369345,
        "yaw": -0.9020806490828033,
        "v": 0.0,
        "delta": 0.0,
        "mode": "FREE"
      },
      "follower_goal": {
        "vehicle_id": 1,
        "x": 3.7315647537870547,
        "y": 0.5536784999168387,
        "yaw": -0.9020806490828033,
        "v": 0.0,
        "delta": 0.0,
        "mode": "DOCKING"
      },
      "leader_path_xy": [
        [
          5.250512802823309,
          -1.3686369852023335
        ],
        [
          6.181150019818804,
          -2.5464115209369345
        ]
      ],
      "follower_path_xy": [
        [
          -3.021909305777571,
          -0.23557624807195957
        ],
        [
          3.7315647537870547,
          0.5536784999168387
        ]
      ],
      "score": 2.683659752564353,
      "reason": "heuristic_descriptor_estimate"
    },
    "lane_fidelity": true,
    "off_lane_shortcut_gap_m": 1.6233844828040382,
    "leader_reverse_turn_required": 0.9882873259518592
  },
  "scenario": {
    "seed": 20680585,
    "style": "lane_constrained",
    "planner_seed": 20680682,
    "obstacles": [
      {
        "x": -4.0,
        "y": 0.6460292918705954,
        "width": 25.0,
        "height": 0.34,
        "yaw": 0.0
      },
      {
        "x": -6.4928804513675225,
        "y": -1.1439707081294046,
        "width": 20.014239097264955,
        "height": 0.34,
        "yaw": 0.0
      },
      {
        "x": 8.207119548632477,
        "y": -1.1439707081294046,
        "width": 0.5857609027350454,
        "height": 0.34,
        "yaw": 0.0
      },
      {
        "x": 5.714239097264954,
        "y": -2.743970708129405,
        "width": 4.4,
        "height": 0.34,
        "yaw": 0.0
      }
    ],
    "leader": {
      "vehicle_id": 2,
      "x": 5.250512802823309,
      "y": -1.3686369852023335,
      "yaw": -0.9020806490828033,
      "v": 0.0,
      "delta": 0.0,
      "mode": "FREE"
    },
    "follower": {
      "vehicle_id": 1,
      "x": -3.021909305777571,
      "y": -0.23557624807195957,
      "yaw": 0.0,
      "v": 0.0,
      "delta": 0.0,
      "mode": "DOCKING"
    },