{
  "schema_version": "dockbench-v1.0",
  "scene_id": "DBv1-SC-L1-024",
  "split": "test",
  "family": "SC",
  "difficulty": "L1",
  "generator_version": "dock_sgen_1.0",
  "max_time_s": 30.0,
  "map": {
    "width_m": 40.0,
    "height_m": 20.0,
    "resolution_m": 0.05
  },
  "leader": {
    "x": 8.19729124132928,
    "y": 0.16777544816124212,
    "yaw": -0.36106577812135016
  },
  "follower": {
    "x": 0.23551924814627068,
    "y": 1.2624372989621786,
    "yaw": -0.17574978438862907
  },
  "obstacles": [
    {
      "x": 4.304812341974697,
      "y": 0.17805942561976862,
      "width": 0.6799999999999999,
      "height": 1.65,
      "yaw": -0.13663307923692403,
      "role": "screen"
    },
    {
      "x": 7.716492901221013,
      "y": -5.291119212319506,
      "width": 0.9179389402171048,
      "height": 0.8358544527784864,
      "yaw": -0.5559066945942183,
      "role": "background"
    },
    {
      "x": 4.3367237084181625,
      "y": -4.255122842321947,
      "width": 1.1185772165878112,
      "height": 1.1298357114441173,
      "yaw": -0.11687573644949606,
      "role": "background"
    },
    {
      "x": -11.9867637096699,
      "y": -7.370090580926883,
      "width": 0.9137628067155538,
      "height": 0.7807670074448253,
      "yaw": -0.5998932997409553,
      "role": "background"
    }
  ],
  "descriptors": {
    "d0_m": 6.450470204321734,
    "heading_diff_deg": 10.617824317157735,
    "bearing_deg": -167.14095356919194,
    "boundary_margin_m": 8.737562701037822,
    "clutter_ratio": 0.004833134609976986,
    "occlusion_index": 1.0,
    "detour_factor": 1.1312000000000002,
    "homotopy_count": 2.0,
    "dock_zone_clearance_m": 0.7516756616706433,
    "staging_shift_required_m": 0.29100000000000004,
    "capture_constraint_index": 0.2405893259561455
  },
  "quality": {
    "valid": true,
    "label_fidelity": true,
    "diversity_score": 1.0,
    "balance_score": 0.16666666666666663,
    "scene_quality_score": 0.75,
    "raw_diversity_distance": 0.5843248787591635
  },
  "audit": {
    "direct_los_blocked": true,
    "large_obstacle_present": false,
    "stage_plan": {
      "leader_goal": {
        "vehicle_id": 2,
        "x": 8.469527807528047,
        "y": 0.06497344417151399,
        "yaw": -0.36106577812135016,
        "v": 0.0,
        "delta": 0.0,
        "mode": "FREE"
      },
      "follower_goal": {
        "vehicle_id": 1,
        "x": 5.905265168521787,
        "y": 1.0332906020266508,
        "yaw": -0.36106577812135016,
        "v": 0.0,
        "delta": 0.0,
        "mode": "DOCKING"
      },
      "leader_path_xy": [
        [
          8.19729124132928,
          0.16777544816124212
        ],
        [
          8.469527807528047,
          0.06497344417151399
        ]
      ],
      "follower_path_xy": [
        [
          0.23551924814627068,
          1.2624372989621786
        ],
        [
          5.905265168521787,
          1.0332906020266508
        ]
      ],
      "score": 1.4222000000000001,
      "reason": "heuristic_descriptor_estimate"
    }
  },
  "scenario": {
    "seed": 20360978,
    "style": "switching_critical",
    "planner_seed": 20361075,
    "obstacles": [
      {
        "x": 4.304812341974697,
        "y": 0.17805942561976862,
        "width": 0.6799999999999999,
        "height": 1.65,
        "yaw": -0.13663307923692403
      },
      {
        "x": 7.716492901221013,
        "y": -5.291119212319506,
        "width": 0.9179389402171048,
        "height": 0.8358544527784864,
        "yaw": -0.5559066945942183
      },
      {
        "x": 4.3367237084181625,
        "y": -4.255122842321947,
        "width": 1.1185772165878112,
        "height": 1.1298357114441173,
        "yaw": -0.11687573644949606
      },
      {
        "x": -11.9867637096699,
        "y": -7.370090580926883,
        "width": 0.9137628067155538,
        "height": 0.7807670074448253,
        "yaw": -0.5998932997409553
      }
    ],
    "leader": {
      "vehicle_id": 2,
      "x": 8.19729124132928,
      "y": 0.16777544816124212,
      "yaw": -0.36106577812135016,
      "v": 0.0,
      "delta": 0.0,
      "mode": "FREE"
    },
    "follower": {
      "vehicle_id": 1,
      "x": 0.23551924814627068,
      "y": 1.2624372989621786,
      "yaw": -0.17574978438862907,
      "v": 0.0,
      "delta": 0.0,
      "mode": "DOCKING"
    },
    "leader_relocation_m": 0.29100000000000004,
    "follower_detour_ratio": 1.1312000000000002,
    "direct_los_blocked": true,
    "large_obstacle_present": false,
    "subset_tag": "Switching-Critical"
  }
}