{
  "schema_version": "dockbench-v1.0",
  "scene_id": "DBv1-LC-L3-090",
  "split": "challenge",
  "family": "LC",
  "difficulty": "L3",
  "generator_version": "dock_sgen_1.1",
  "max_time_s": 39.0,
  "map": {
    "width_m": 40.0,
    "height_m": 20.0,
    "resolution_m": 0.05
  },
  "leader": {
    "x": 3.240438631856986,
    "y": 0.3721641482210388,
    "yaw": -0.8208166513227243
  },
  "follower": {
    "x": -3.6555623546270697,
    "y": 1.6317473706581045,
    "yaw": 0.0
  },
  "obstacles": [
    {
      "x": -4.0,
      "y": 2.504328592801827,
      "width": 25.0,
      "height": 0.34,
      "yaw": 0.0,
      "role": "channel"
    },
    {
      "x": -7.090666684134136,
      "y": 0.7943285928018271,
      "width": 18.81866663173173,
      "height": 0.34,
      "yaw": 0.0,
      "role": "channel"
    },
    {
      "x": 7.6093333158658645,
      "y": 0.7943285928018271,
      "width": 1.781333368268271,
      "height": 0.34,
      "yaw": 0.0,
      "role": "channel"
    },
    {
      "x": 4.518666631731729,
      "y": -0.8856714071981732,
      "width": 4.4,
      "height": 0.34,
      "yaw": 0.0,
      "role": "hybrid"
    }
  ],
  "descriptors": {
    "d0_m": 5.518256103333293,
    "heading_diff_deg": 47.02932987485339,
    "bearing_deg": -143.321874685183,
    "boundary_margin_m": 8.368252629341896,
    "clutter_ratio": 0.02125,
    "occlusion_index": 0.6176470588235294,
    "detour_factor": 1.1852431289640593,
    "homotopy_count": 2.0,
    "dock_zone_clearance_m": 0.0,
    "staging_shift_required_m": 1.6419287116369863,
    "capture_constraint_index": 0.8095803089384384,
    "corridor_width_min_m": 1.3699999999999999,
    "bottleneck_ratio": 0.2896405919661733,
    "corridor_turn_deg_max": 47.861117509894434,
    "branch_count": 1.0,
    "drivable_area_ratio": 0.052052499999999995,
    "off_lane_shortcut_gap_m": 3.052685343041202,
    "leader_reverse_turn_required": 0.9342739534898441,
    "leader_micro_adjust_budget_m": 1.8885287116369862
  },
  "quality": {
    "valid": true,
    "label_fidelity": true,
    "lane_fidelity": true,
    "diversity_score": 1.0,
    "balance_score": 0.16666666666666663,
    "scene_quality_score": 0.75,
    "raw_diversity_distance": 0.31799864565826047
  },
  "lane": {
    "enabled": true,
    "category": "LC",
    "corridor_polygons": [
      [
        [
          8.5,
          2.334328592801827
        ],
        [
          8.5,
          0.9643285928018271
        ],
        [
          -16.5,
          0.9643285928018271
        ],
        [
          -16.5,
          2.334328592801827
        ]
      ],
      [
        [
          6.718666631731729,
          0.9643285928018271
        ],
        [
          6.718666631731729,
          -0.7156714071981731
        ],
        [
          2.3186666317317286,
          -0.7156714071981731
        ],
        [
          2.3186666317317286,
          0.9643285928018271
        ]
      ]
    ],
    "centerline": [
      [
        -16.5,
        1.649328592801827
      ],
      [
        4.518666631731729,
        1.649328592801827
      ],
      [
        8.5,
        1.649328592801827
      ]
    ],
    "width_profile_m": [
      1.3699999999999999,
      4.73,
      1.3699999999999999
    ],
    "branch_count": 1,
    "bottleneck_ratio": 0.2896405919661733,
    "corridor_width_min_m": 1.3699999999999999,
    "corridor_turn_deg_max": 47.861117509894434,
    "drivable_area_ratio": 0.052052499999999995,
    "leader_reverse_turn_required": 0.9342739534898441,
    "leader_micro_adjust_budget_m": 1.8885287116369862,
    "heading_gap_regime": "large",
    "bay_depth_m": 1.6800000000000002,
    "leader_stage_anchor_xy": [
      4.518666631731729,
      1.4027285928018272
    ],
    "leader_stage_anchor_yaw": 0.0,
    "leader_stage_path_xy": [
      [
        3.240438631856986,
        0.3721641482210388
      ],
      [
        3.240438631856986,
        0.5439248889845035
      ],
      [
        3.240438631856986,
        0.7156856297479683
      ],
      [
        3.240438631856986,
        0.887446370511433
      ],
      [
        3.240438631856986,
        1.0592071112748978
      ],
      [
        3.240438631856986,
        1.2309678520383622
      ],
      [
        3.240438631856986,
        1.4027285928018272
      ],
      [
        3.5599956318256716,
        1.4027285928018272
      ],
      [
        3.8795526317943576,
        1.4027285928018272
      ],
      [
        4.199109631763043,
        1.4027285928018272
      ],
      [
        4.518666631731729,
        1.4027285928018272
      ]
    ],
    "follower_stage_path_xy": [
      [
        -3.6555623546270697,
        1.6317473706581045
      ],
      [
        -2.95253373133222,
        1.63394502342607
      ],
      [
        -2.2495051080373702,
        1.6361426761940352
      ],
      [
        -1.54647648474252,
        1.6383403289620004
      ],
      [
        -0.8434478614476704,
        1.640537981729966
      ],
      [
        -0.14041923815282065,
        1.6427356344979311
      ],
      [
        0.5626093851420293,
        1.6449332872658964
      ],
      [
        1.2656380084368792,
        1.6471309400338616
      ],
      [
        1.968666631731729,
        1.649328592801827
      ],
      [
        1.968666631731729,
        1.587678592801827
      ],
      [
        1.968666631731729,
        1.5260285928018271
      ],
      [
        1.968666631731729,
        1.4643785928018271
      ],
      [
        1.968666631731729,
        1.4027285928018272
      ]
    ],
    "corridor_entry_xy": [
      4.518666631731729,
      1.649328592801827
    ],
    "off_lane_shortcut_gap_m": 3.052685343041202,
    "lane_fidelity": true
  },
  "audit": {
    "direct_los_blocked": true,
    "large_obstacle_present": true,
    "stage_plan": {
      "leader_goal": {
        "vehicle_id": 2,
        "x": 4.219963008270117,
        "y": -0.6793257791619657,
        "yaw": -0.8208166513227243,
        "v": 0.0,
        "delta": 0.0,
        "mode": "FREE"
      },
      "follower_goal": {
        "vehicle_id": 1,
        "x": 1.5704601046601478,
        "y": 2.1648358188572097,
        "yaw": -0.8208166513227243,
        "v": 0.0,
        "delta": 0.0,
        "mode": "DOCKING"
      },
      "leader_path_xy": [
        [
          3.240438631856986,
          0.3721641482210388
        ],
        [
          4.219963008270117,
          -0.6793257791619657
        ]
      ],
      "follower_path_xy": [
        [
          -3.6555623546270697,
          1.6317473706581045
        ],
        [
          1.5704601046601478,
          2.1648358188572097
        ]
      ],
      "score": 2.6222883862108337,
      "reason": "heuristic_descriptor_estimate"
    },
    "lane_fidelity": true,
    "off_lane_shortcut_gap_m": 3.052685343041202,
    "leader_reverse_turn_required": 0.9342739534898441
  },
  "scenario": {
    "seed": 20680978,
    "style": "lane_constrained",
    "planner_seed": 20681075,
    "obstacles": [
      {
        "x": -4.0,
        "y": 2.504328592801827,
        "width": 25.0,
        "height": 0.34,
        "yaw": 0.0
      },
      {
        "x": -7.090666684134136,
        "y": 0.7943285928018271,
        "width": 18.81866663173173,
        "height": 0.34,
        "yaw": 0.0
      },
      {
        "x": 7.6093333158658645,
        "y": 0.7943285928018271,
        "width": 1.781333368268271,
        "height": 0.34,
        "yaw": 0.0
      },
      {
        "x": 4.518666631731729,
        "y": -0.8856714071981732,
        "width": 4.4,
        "height": 0.34,
        "yaw": 0.0
      }
    ],
    "leader": {
      "vehicle_id": 2,
      "x": 3.240438631856986,
      "y": 0.3721641482210388,
      "yaw": -0.8208166513227243,
      "v": 0.0,
      "delta": 0.0,
      "mode": "FREE"
    },
    "follower": {
      "vehicle_id": 1,
      "x": -3.6555623546270697,
      "y": 1.6317473706581045,
      "yaw": 0.0,
      "v": 0.0,
      "delta": 0.0,