{
  "schema_version": "dockbench-v1.0",
  "scene_id": "DBv1-FC-L2-046",
  "split": "test",
  "family": "FC",
  "difficulty": "L2",
  "generator_version": "dock_sgen_1.1",
  "max_time_s": 30.0,
  "map": {
    "width_m": 40.0,
    "height_m": 20.0,
    "resolution_m": 0.05
  },
  "leader": {
    "x": 8.807818121636997,
    "y": -2.489773264107109,
    "yaw": -0.153093450550923
  },
  "follower": {
    "x": 1.3522253145692513,
    "y": -1.2312740270122982,
    "yaw": -0.414502471030759
  },
  "obstacles": [
    {
      "x": 6.887221562454562,
      "y": -1.0348733167373287,
      "width": 1.5299999999999998,
      "height": 0.32,
      "yaw": -0.03964704917129158,
      "role": "dock_zone"
    },
    {
      "x": 6.538005431596528,
      "y": -3.2980896329449827,
      "width": 1.5299999999999998,
      "height": 0.32,
      "yaw": -0.2665398519305544,
      "role": "dock_zone"
    },
    {
      "x": 1.691609419453112,
      "y": 1.8693571441531525,
      "width": 0.8097382843885965,
      "height": 1.2182123835837901,
      "yaw": -0.007230759334791337,
      "role": "background"
    }
  ],
  "descriptors": {
    "d0_m": 6.002398004526479,
    "heading_diff_deg": 14.977633600143507,
    "bearing_deg": 179.1904363031524,
    "boundary_margin_m": 7.510226735892891,
    "clutter_ratio": 0.002457041506880101,
    "occlusion_index": 0.0,
    "detour_factor": 1.1540000000000001,
    "homotopy_count": 1.0,
    "dock_zone_clearance_m": 0.7302480216941744,
    "staging_shift_required_m": 0.264,
    "capture_constraint_index": 0.2494810110383952,
    "corridor_width_min_m": 0.0,
    "bottleneck_ratio": 0.0,
    "corridor_turn_deg_max": 0.0,
    "branch_count": 0.0,
    "drivable_area_ratio": 1.0,
    "off_lane_shortcut_gap_m": 0.0,
    "leader_reverse_turn_required": 0.0,
    "leader_micro_adjust_budget_m": 0.0
  },
  "quality": {
    "valid": true,
    "label_fidelity": true,
    "lane_fidelity": true,
    "diversity_score": 0.1990093808846962,
    "balance_score": 0.5,
    "scene_quality_score": 0.28930656661928733,
    "raw_diversity_distance": 0.035821688559245314
  },
  "lane": {},
  "audit": {
    "direct_los_blocked": false,
    "large_obstacle_present": false,
    "stage_plan": {
      "leader_goal": {
        "vehicle_id": 2,
        "x": 9.068730395645215,
        "y": -2.530032241638341,
        "yaw": -0.153093450550923,
        "v": 0.0,
        "delta": 0.0,
        "mode": "FREE"
      },
      "follower_goal": {
        "vehicle_id": 1,
        "x": 6.38647315451527,
        "y": -2.116157752927116,
        "yaw": -0.153093450550923,
        "v": 0.0,
        "delta": 0.0,
        "mode": "DOCKING"
      },
      "leader_path_xy": [
        [
          8.807818121636997,
          -2.489773264107109
        ],
        [
          9.068730395645215,
          -2.530032241638341
        ]
      ],
      "follower_path_xy": [
        [
          1.3522253145692513,
          -1.2312740270122982
        ],
        [
          6.38647315451527,
          -2.116157752927116
        ]
      ],
      "score": 1.4180000000000001,
      "reason": "heuristic_descriptor_estimate"
    },
    "lane_fidelity": true,
    "off_lane_shortcut_gap_m": 0.0,
    "leader_reverse_turn_required": 0.0
  },
  "scenario": {
    "seed": 20470716,
    "style": "funnel_critical",
    "planner_seed": 20470813,
    "obstacles": [
      {
        "x": 6.887221562454562,
        "y": -1.0348733167373287,
        "width": 1.5299999999999998,
        "height": 0.32,
        "yaw": -0.03964704917129158
      },
      {
        "x": 6.538005431596528,
        "y": -3.2980896329449827,
        "width": 1.5299999999999998,
        "height": 0.32,
        "yaw": -0.2665398519305544
      },
      {
        "x": 1.691609419453112,
        "y": 1.8693571441531525,
        "width": 0.8097382843885965,
        "height": 1.2182123835837901,
        "yaw": -0.007230759334791337
      }
    ],
    "leader": {
      "vehicle_id": 2,
      "x": 8.807818121636997,
      "y": -2.489773264107109,
      "yaw": -0.153093450550923,
      "v": 0.0,
      "delta": 0.0,
      "mode": "FREE"
    },
    "follower": {
      "vehicle_id": 1,
      "x": 1.3522253145692513,
      "y": -1.2312740270122982,
      "yaw": -0.414502471030759,
      "v": 0.0,
      "delta": 0.0,
      "mode": "DOCKING"
    },
    "leader_relocation_m": 0.264,
    "follower_detour_ratio": 1.1540000000000001,
    "direct_los_blocked": false,
    "large_obstacle_present": false,
    "subset_tag": "Funnel-Critical",
    "lane_constrained": false
  }
}