{
  "schema_version": "dockbench-v1.0",
  "scene_id": "DBv1-LC-L2-081",
  "split": "test",
  "family": "LC",
  "difficulty": "L2",
  "generator_version": "dock_sgen_1.1",
  "max_time_s": 32.0,
  "map": {
    "width_m": 40.0,
    "height_m": 20.0,
    "resolution_m": 0.05
  },
  "leader": {
    "x": 4.823116459780134,
    "y": -0.4162700759396101,
    "yaw": 0.3992333798130099
  },
  "follower": {
    "x": -2.4883072228651457,
    "y": -1.7085442232991346,
    "yaw": 0.0
  },
  "obstacles": [
    {
      "x": -4.0,
      "y": -2.791237907167268,
      "width": 25.0,
      "height": 0.34,
      "yaw": 0.0,
      "role": "channel"
    },
    {
      "x": -6.7128695322084155,
      "y": -0.7012379071672684,
      "width": 19.57426093558317,
      "height": 0.34,
      "yaw": 0.0,
      "role": "channel"
    },
    {
      "x": 7.437130467791585,
      "y": -0.7012379071672684,
      "width": 2.1257390644168304,
      "height": 0.34,
      "yaw": 0.0,
      "role": "channel"
    },
    {
      "x": 4.724260935583169,
      "y": 0.4737620928327314,
      "width": 3.3,
      "height": 0.34,
      "yaw": 0.0,
      "role": "hybrid"
    }
  ],
  "descriptors": {
    "d0_m": 5.854428035166187,
    "heading_diff_deg": 22.874387704028877,
    "bearing_deg": 167.14896507822408,
    "boundary_margin_m": 8.291455776700865,
    "clutter_ratio": 0.02125,
    "occlusion_index": 0.3352941176470588,
    "detour_factor": 1.1687804878048782,
    "homotopy_count": 2.0,
    "dock_zone_clearance_m": 0.06061252139433508,
    "staging_shift_required_m": 1.0347009945042396,
    "capture_constraint_index": 0.5663384316175789,
    "corridor_width_min_m": 1.75,
    "bottleneck_ratio": 0.426829268292683,
    "corridor_turn_deg_max": 30.46955914690078,
    "branch_count": 1.0,
    "drivable_area_ratio": 0.05953437499999999,
    "off_lane_shortcut_gap_m": 1.1226192522982972,
    "leader_reverse_turn_required": 0.30623829434172833,
    "leader_micro_adjust_budget_m": 1.3347009945042396
  },
  "quality": {
    "valid": true,
    "label_fidelity": true,
    "lane_fidelity": true,
    "diversity_score": 1.0,
    "balance_score": 0.6666666666666667,
    "scene_quality_score": 0.8999999999999999,
    "raw_diversity_distance": 0.198340091193361
  },
  "lane": {
    "enabled": true,
    "category": "LC",
    "corridor_polygons": [
      [
        [
          8.5,
          -0.8712379071672685
        ],
        [
          8.5,
          -2.6212379071672682
        ],
        [
          -16.5,
          -2.6212379071672682
        ],
        [
          -16.5,
          -0.8712379071672685
        ]
      ],
      [
        [
          6.37426093558317,
          0.30376209283273137
        ],
        [
          6.37426093558317,
          -0.8712379071672685
        ],
        [
          3.0742609355831694,
          -0.8712379071672685
        ],
        [
          3.0742609355831694,
          0.30376209283273137
        ]
      ]
    ],
    "centerline": [
      [
        -16.5,
        -1.7462379071672685
      ],
      [
        4.724260935583169,
        -1.7462379071672685
      ],
      [
        8.5,
        -1.7462379071672685
      ]
    ],
    "width_profile_m": [
      1.75,
      4.1,
      1.75
    ],
    "branch_count": 1,
    "bottleneck_ratio": 0.426829268292683,
    "corridor_width_min_m": 1.75,
    "corridor_turn_deg_max": 30.46955914690078,
    "drivable_area_ratio": 0.05953437499999999,
    "leader_reverse_turn_required": 0.30623829434172833,
    "leader_micro_adjust_budget_m": 1.3347009945042396,
    "heading_gap_regime": "medium",
    "bay_depth_m": 1.175,
    "leader_stage_anchor_xy": [
      4.724260935583169,
      -1.4462379071672684
    ],
    "leader_stage_anchor_yaw": 0.0,
    "leader_stage_path_xy": [
      [
        4.823116459780134,
        -0.4162700759396101
      ],
      [
        4.823116459780134,
        -0.5879313811442198
      ],
      [
        4.823116459780134,
        -0.7595926863488296
      ],
      [
        4.823116459780134,
        -0.9312539915534392
      ],
      [
        4.823116459780134,
        -1.102915296758049
      ],
      [
        4.823116459780134,
        -1.2745766019626588
      ],
      [
        4.823116459780134,
        -1.4462379071672684
      ],
      [
        4.798402578730892,
        -1.4462379071672684
      ],
      [
        4.773688697681651,
        -1.4462379071672684
      ],
      [
        4.74897481663241,
        -1.4462379071672684
      ],
      [
        4.724260935583169,
        -1.4462379071672684
      ]
    ],
    "follower_stage_path_xy": [
      [
        -2.4883072228651457,
        -1.7085442232991346
      ],
      [
        -1.9054862030591062,
        -1.7132559337826512
      ],
      [
        -1.322665183253067,
        -1.717967644266168
      ],
      [
        -0.7398441634470275,
        -1.722679354749685
      ],
      [
        -0.15702314364098813,
        -1.7273910652332014
      ],
      [
        0.4257978761650514,
        -1.7321027757167182
      ],
      [
        1.0086188959710907,
        -1.736814486200235
      ],
      [
        1.59143991577713,
        -1.7415261966837519
      ],
      [
        2.1742609355831695,
        -1.7462379071672685
      ],
      [
        2.1742609355831695,
        -1.6712379071672685
      ],
      [
        2.1742609355831695,
        -1.5962379071672683
      ],
      [
        2.1742609355831695,
        -1.5212379071672684
      ],
      [
        2.1742609355831695,
        -1.4462379071672684
      ]
    ],
    "corridor_entry_xy": [
      4.724260935583169,
      -1.7462379071672685
    ],
    "off_lane_shortcut_gap_m": 1.1226192522982972,
    "lane_fidelity": true
  },
  "audit": {
    "direct_los_blocked": true,
    "large_obstacle_present": true,
    "stage_plan": {
      "leader_goal": {
        "vehicle_id": 2,
        "x": 5.600040243987015,
        "y": -0.08849381353231484,
        "yaw": 0.3992333798130099,
        "v": 0.0,
        "delta": 0.0,
        "mode": "FREE"
      },
      "follower_goal": {
        "vehicle_id": 1,
        "x": 2.565786274545891,
        "y": -1.3686147797261847,
        "yaw": 0.3992333798130099,
        "v": 0.0,
        "delta": 0.0,
        "mode": "DOCKING"
      },
      "leader_path_xy": [
        [
          4.823116459780134,
          -0.4162700759396101
        ],
        [
          5.600040243987015,
          -0.08849381353231484
        ]
      ],
      "follower_path_xy": [
        [
          -2.4883072228651457,
          -1.7085442232991346
        ],
        [
          2.565786274545891,
          -1.3686147797261847
        ]
      ],
      "score": 2.0120170172935135,
      "reason": "heuristic_descriptor_estimate"
    },
    "lane_fidelity": true,
    "off_lane_shortcut_gap_m": 1.1226192522982972,
    "leader_reverse_turn_required": 0.30623829434172833
  },
  "scenario": {
    "seed": 20670585,
    "style": "lane_constrained",
    "planner_seed": 20670682,
    "obstacles": [
      {
        "x": -4.0,
        "y": -2.791237907167268,
        "width": 25.0,
        "height": 0.34,
        "yaw": 0.0
      },
      {
        "x": -6.7128695322084155,
        "y": -0.7012379071672684,
        "width": 19.57426093558317,
        "height": 0.34,
        "yaw": 0.0
      },
      {
        "x": 7.437130467791585,
        "y": -0.7012379071672684,
        "width": 2.1257390644168304,
        "height": 0.34,
        "yaw": 0.0
      },
      {
        "x": 4.724260935583169,
        "y": 0.4737620928327314,
        "width": 3.3,
        "height": 0.34,
        "yaw": 0.0
      }
    ],
    "leader": {
      "vehicle_id": 2,
      "x": 4.823116459780134,
      "y": -0.4162700759396101,
      "yaw": 0.3992333798130099,
      "v": 0.0,
      "delta": 0.0,
      "mode": "FREE"
    },
    "follower": {
      "vehicle_id": 1,
      "x": -2.4883072228651457,
      "y": -1.7085442232991346,
      "yaw": 0.0,
      "v": 0.0,
      "delta": 0.0,