{
  "schema_version": "dockbench-v1.0",
  "scene_id": "DBv1-FC-L3-053",
  "split": "test",
  "family": "FC",
  "difficulty": "L3",
  "generator_version": "dock_sgen_1.0",
  "max_time_s": 36.0,
  "map": {
    "width_m": 40.0,
    "height_m": 20.0,
    "resolution_m": 0.05
  },
  "leader": {
    "x": 5.9702677363356855,
    "y": 2.163801170652728,
    "yaw": -0.3196578256728358
  },
  "follower": {
    "x": -1.9533594209851657,
    "y": 4.908257398496081,
    "yaw": -0.0021262173094471204
  },
  "obstacles": [
    {
      "x": 4.430015853213037,
      "y": 3.7796675440070144,
      "width": 1.7799999999999998,
      "height": 0.36,
      "yaw": -0.15385154673337448,
      "role": "dock_zone"
    },
    {
      "x": 3.7701082029579407,
      "y": 1.7860472458722876,
      "width": 1.7799999999999998,
      "height": 0.36,
      "yaw": -0.4854641046122971,
      "role": "dock_zone"
    },
    {
      "x": -3.8933003110564286,
      "y": -4.683899237155906,
      "width": 1.3719472493890845,
      "height": 1.3474512269377141,
      "yaw": 0.27311814084981034,
      "role": "background"
    },
    {
      "x": -6.49163750076641,
      "y": -3.816179548838601,
      "width": 1.1669610452798005,
      "height": 1.0232410391820514,
      "yaw": 0.31829292952762067,
      "role": "background"
    }
  ],
  "descriptors": {
    "d0_m": 6.8585893417732136,
    "heading_diff_deg": 18.19322102122313,
    "bearing_deg": 179.21081963265425,
    "boundary_margin_m": 5.091742601503919,
    "clutter_ratio": 0.005405393046425276,
    "occlusion_index": 0.2470588235294118,
    "detour_factor": 1.1780000000000002,
    "homotopy_count": 1.0,
    "dock_zone_clearance_m": 0.5626151499074533,
    "staging_shift_required_m": 0.268,
    "capture_constraint_index": 0.4001078177961881
  },
  "quality": {
    "valid": true,
    "label_fidelity": true,
    "diversity_score": 1.0,
    "balance_score": 0.33333333333333337,
    "scene_quality_score": 0.7999999999999999,
    "raw_diversity_distance": 0.18774781723327907
  },
  "audit": {
    "direct_los_blocked": false,
    "large_obstacle_present": false,
    "stage_plan": {
      "leader_goal": {
        "vehicle_id": 2,
        "x": 6.224691660097641,
        "y": 2.079584384810649,
        "yaw": -0.3196578256728358,
        "v": 0.0,
        "delta": 0.0,
        "mode": "FREE"
      },
      "follower_goal": {
        "vehicle_id": 1,
        "x": 3.6443773885118373,
        "y": 2.9336934292836734,
        "yaw": -0.3196578256728358,
        "v": 0.0,
        "delta": 0.0,
        "mode": "DOCKING"
      },
      "leader_path_xy": [
        [
          5.9702677363356855,
          2.163801170652728
        ],
        [
          6.224691660097641,
          2.079584384810649
        ]
      ],
      "follower_path_xy": [
        [
          -1.9533594209851657,
          4.908257398496081
        ],
        [
          3.6443773885118373,
          2.9336934292836734
        ]
      ],
      "score": 1.4460000000000002,
      "reason": "heuristic_descriptor_estimate"
    }
  },
  "scenario": {
    "seed": 20480847,
    "style": "funnel_critical",
    "planner_seed": 20480944,
    "obstacles": [
      {
        "x": 4.430015853213037,
        "y": 3.7796675440070144,
        "width": 1.7799999999999998,
        "height": 0.36,
        "yaw": -0.15385154673337448
      },
      {
        "x": 3.7701082029579407,
        "y": 1.7860472458722876,
        "width": 1.7799999999999998,
        "height": 0.36,
        "yaw": -0.4854641046122971
      },
      {
        "x": -3.8933003110564286,
        "y": -4.683899237155906,
        "width": 1.3719472493890845,
        "height": 1.3474512269377141,
        "yaw": 0.27311814084981034
      },
      {
        "x": -6.49163750076641,
        "y": -3.816179548838601,
        "width": 1.1669610452798005,
        "height": 1.0232410391820514,
        "yaw": 0.31829292952762067
      }
    ],
    "leader": {
      "vehicle_id": 2,
      "x": 5.9702677363356855,
      "y": 2.163801170652728,
      "yaw": -0.3196578256728358,
      "v": 0.0,
      "delta": 0.0,
      "mode": "FREE"
    },
    "follower": {
      "vehicle_id": 1,
      "x": -1.9533594209851657,
      "y": 4.908257398496081,
      "yaw": -0.0021262173094471204,
      "v": 0.0,
      "delta": 0.0,
      "mode": "DOCKING"
    },
    "leader_relocation_m": 0.268,
    "follower_detour_ratio": 1.1780000000000002,
    "direct_los_blocked": false,
    "large_obstacle_present": false,
    "subset_tag": "Funnel-Critical"
  }
}