{
  "schema_version": "dockbench-v1.0",
  "scene_id": "DBv1-FC-L1-038",
  "split": "test",
  "family": "FC",
  "difficulty": "L1",
  "generator_version": "dock_sgen_1.0",
  "max_time_s": 24.0,
  "map": {
    "width_m": 40.0,
    "height_m": 20.0,
    "resolution_m": 0.05
  },
  "leader": {
    "x": 5.529508110882359,
    "y": -2.327498288944761,
    "yaw": 0.23927799235409514
  },
  "follower": {
    "x": -0.9735993794485145,
    "y": -3.9118087753882187,
    "yaw": 0.10640446653535432
  },
  "obstacles": [
    {
      "x": 3.0350403719193384,
      "y": -1.6802497282876383,
      "width": 1.2799999999999998,
      "height": 0.27999999999999997,
      "yaw": 0.3003645161738967,
      "role": "dock_zone"
    },
    {
      "x": 3.6133234245712966,
      "y": -4.050732529536265,
      "width": 1.2799999999999998,
      "height": 0.27999999999999997,
      "yaw": 0.1781914685342936,
      "role": "dock_zone"
    }
  ],
  "descriptors": {
    "d0_m": 5.105662418508809,
    "heading_diff_deg": 7.613092238436436,
    "bearing_deg": 179.9822619225632,
    "boundary_margin_m": 6.088191224611782,
    "clutter_ratio": 0.0008959999999999997,
    "occlusion_index": 0.0,
    "detour_factor": 1.131,
    "homotopy_count": 1.0,
    "dock_zone_clearance_m": 0.8610039033205446,
    "staging_shift_required_m": 0.261,
    "capture_constraint_index": 0.16869005346914173
  },
  "quality": {
    "valid": true,
    "label_fidelity": true,
    "diversity_score": 1.0,
    "balance_score": 0.8333333333333334,
    "scene_quality_score": 0.95,
    "raw_diversity_distance": 1.9972373668726808
  },
  "audit": {
    "direct_los_blocked": false,
    "large_obstacle_present": false,
    "stage_plan": {
      "leader_goal": {
        "vehicle_id": 2,
        "x": 5.78307204986838,
        "y": -2.2656409624110885,
        "yaw": 0.23927799235409514,
        "v": 0.0,
        "delta": 0.0,
        "mode": "FREE"
      },
      "follower_goal": {
        "vehicle_id": 1,
        "x": 3.149310216185993,
        "y": -2.9081513541075874,
        "yaw": 0.23927799235409514,
        "v": 0.0,
        "delta": 0.0,
        "mode": "DOCKING"
      },
      "leader_path_xy": [
        [
          5.529508110882359,
          -2.327498288944761
        ],
        [
          5.78307204986838,
          -2.2656409624110885
        ]
      ],
      "follower_path_xy": [
        [
          -0.9735993794485145,
          -3.9118087753882187
        ],
        [
          3.149310216185993,
          -2.9081513541075874
        ]
      ],
      "score": 1.392,
      "reason": "heuristic_descriptor_estimate"
    }
  },
  "scenario": {
    "seed": 20460454,
    "style": "funnel_critical",
    "planner_seed": 20460551,
    "obstacles": [
      {
        "x": 3.0350403719193384,
        "y": -1.6802497282876383,
        "width": 1.2799999999999998,
        "height": 0.27999999999999997,
        "yaw": 0.3003645161738967
      },
      {
        "x": 3.6133234245712966,
        "y": -4.050732529536265,
        "width": 1.2799999999999998,
        "height": 0.27999999999999997,
        "yaw": 0.1781914685342936
      }
    ],
    "leader": {
      "vehicle_id": 2,
      "x": 5.529508110882359,
      "y": -2.327498288944761,
      "yaw": 0.23927799235409514,
      "v": 0.0,
      "delta": 0.0,
      "mode": "FREE"
    },
    "follower": {
      "vehicle_id": 1,
      "x": -0.9735993794485145,
      "y": -3.9118087753882187,
      "yaw": 0.10640446653535432,
      "v": 0.0,
      "delta": 0.0,
      "mode": "DOCKING"
    },
    "leader_relocation_m": 0.261,
    "follower_detour_ratio": 1.131,
    "direct_los_blocked": false,
    "large_obstacle_present": false,
    "subset_tag": "Funnel-Critical"
  }
}