{
  "schema_version": "dockbench-v1.0",
  "scene_id": "DBv1-SC-L2-026",
  "split": "test",
  "family": "SC",
  "difficulty": "L2",
  "generator_version": "dock_sgen_1.1",
  "max_time_s": 28.0,
  "map": {
    "width_m": 40.0,
    "height_m": 20.0,
    "resolution_m": 0.05
  },
  "leader": {
    "x": 10.283476480615448,
    "y": -1.9475187835772116,
    "yaw": -0.2948924705885618
  },
  "follower": {
    "x": 1.9404085360936794,
    "y": 0.22468449186541717,
    "yaw": -0.17759921817358876
  },
  "obstacles": [
    {
      "x": 6.14022565160249,
      "y": -1.4371168624849031,
      "width": 0.62,
      "height": 1.4200000000000002,
      "yaw": -0.2547054702584923,
      "role": "screen"
    },
    {
      "x": -6.412464510013091,
      "y": -4.51507987492308,
      "width": 0.8047894256647401,
      "height": 0.9140804190336524,
      "yaw": -0.14848488225889345,
      "role": "background"
    },
    {
      "x": 7.952422160379516,
      "y": 4.502588102088481,
      "width": 1.2538414796821398,
      "height": 1.0971011254164929,
      "yaw": -0.5715520063773439,
      "role": "background"
    }
  ],
  "descriptors": {
    "d0_m": 7.02534331875617,
    "heading_diff_deg": 6.7204083287406045,
    "bearing_deg": -177.69745448979617,
    "boundary_margin_m": 8.052481216422787,
    "clutter_ratio": 0.0037395414423732933,
    "occlusion_index": 1.0,
    "detour_factor": 1.1148,
    "homotopy_count": 2.0,
    "dock_zone_clearance_m": 0.9224172693762807,
    "staging_shift_required_m": 0.264,
    "capture_constraint_index": 0.11141450932807351,
    "corridor_width_min_m": 0.0,
    "bottleneck_ratio": 0.0,
    "corridor_turn_deg_max": 0.0,
    "branch_count": 0.0,
    "drivable_area_ratio": 1.0,
    "off_lane_shortcut_gap_m": 0.0,
    "leader_reverse_turn_required": 0.0,
    "leader_micro_adjust_budget_m": 0.0
  },
  "quality": {
    "valid": true,
    "label_fidelity": true,
    "lane_fidelity": true,
    "diversity_score": 1.0,
    "balance_score": 0.8333333333333334,
    "scene_quality_score": 0.95,
    "raw_diversity_distance": 0.33356036285856444
  },
  "lane": {},
  "audit": {
    "direct_los_blocked": true,
    "large_obstacle_present": false,
    "stage_plan": {
      "leader_goal": {
        "vehicle_id": 2,
        "x": 10.536080498182281,
        "y": -2.0242469420921574,
        "yaw": -0.2948924705885618,
        "v": 0.0,
        "delta": 0.0,
        "mode": "FREE"
      },
      "follower_goal": {
        "vehicle_id": 1,
        "x": 7.939234650923239,
        "y": -1.23545822160139,
        "yaw": -0.2948924705885618,
        "v": 0.0,
        "delta": 0.0,
        "mode": "DOCKING"
      },
      "leader_path_xy": [
        [
          10.283476480615448,
          -1.9475187835772116
        ],
        [
          10.536080498182281,
          -2.0242469420921574
        ]
      ],
      "follower_path_xy": [
        [
          1.9404085360936794,
          0.22468449186541717
        ],
        [
          7.939234650923239,
          -1.23545822160139
        ]
      ],
      "score": 1.3788,
      "reason": "heuristic_descriptor_estimate"
    },
    "lane_fidelity": true,
    "off_lane_shortcut_gap_m": 0.0,
    "leader_reverse_turn_required": 0.0
  },
  "scenario": {
    "seed": 20370454,
    "style": "switching_critical",
    "planner_seed": 20370551,
    "obstacles": [
      {
        "x": 6.14022565160249,
        "y": -1.4371168624849031,
        "width": 0.62,
        "height": 1.4200000000000002,
        "yaw": -0.2547054702584923
      },
      {
        "x": -6.412464510013091,
        "y": -4.51507987492308,
        "width": 0.8047894256647401,
        "height": 0.9140804190336524,
        "yaw": -0.14848488225889345
      },
      {
        "x": 7.952422160379516,
        "y": 4.502588102088481,
        "width": 1.2538414796821398,
        "height": 1.0971011254164929,
        "yaw": -0.5715520063773439
      }
    ],
    "leader": {
      "vehicle_id": 2,
      "x": 10.283476480615448,
      "y": -1.9475187835772116,
      "yaw": -0.2948924705885618,
      "v": 0.0,
      "delta": 0.0,
      "mode": "FREE"
    },
    "follower": {
      "vehicle_id": 1,
      "x": 1.9404085360936794,
      "y": 0.22468449186541717,
      "yaw": -0.17759921817358876,
      "v": 0.0,
      "delta": 0.0,
      "mode": "DOCKING"
    },
    "leader_relocation_m": 0.264,
    "follower_detour_ratio": 1.1148,
    "direct_los_blocked": true,
    "large_obstacle_present": false,
    "subset_tag": "Switching-Critical",
    "lane_constrained": false
  }
}