{
  "schema_version": "dockbench-v1.0",
  "scene_id": "DBv1-FC-L1-039",
  "split": "test",
  "family": "FC",
  "difficulty": "L1",
  "generator_version": "dock_sgen_1.1",
  "max_time_s": 24.0,
  "map": {
    "width_m": 40.0,
    "height_m": 20.0,
    "resolution_m": 0.05
  },
  "leader": {
    "x": 9.312871620591245,
    "y": 1.24423096005415,
    "yaw": 0.13636102248581322
  },
  "follower": {
    "x": 2.7169772578264686,
    "y": 1.253386488477864,
    "yaw": -0.03307953174494491
  },
  "obstacles": [
    {
      "x": 6.898098135138785,
      "y": 2.1443248517986584,
      "width": 1.2799999999999998,
      "height": 0.27999999999999997,
      "yaw": 0.19744754630561476,
      "role": "dock_zone"
    },
    {
      "x": 7.229788867962238,
      "y": -0.2730251968618659,
      "width": 1.2799999999999998,
      "height": 0.27999999999999997,
      "yaw": 0.07527449866601169,
      "role": "dock_zone"
    }
  ],
  "descriptors": {
    "d0_m": 5.00080501853839,
    "heading_diff_deg": 9.708228635779978,
    "bearing_deg": 172.10755872099847,
    "boundary_margin_m": 8.746613511522137,
    "clutter_ratio": 0.0008959999999999997,
    "occlusion_index": 0.0,
    "detour_factor": 1.131,
    "homotopy_count": 1.0,
    "dock_zone_clearance_m": 0.8610039033205441,
    "staging_shift_required_m": 0.261,
    "capture_constraint_index": 0.15951322853222633,
    "corridor_width_min_m": 0.0,
    "bottleneck_ratio": 0.0,
    "corridor_turn_deg_max": 0.0,
    "branch_count": 0.0,
    "drivable_area_ratio": 1.0,
    "off_lane_shortcut_gap_m": 0.0,
    "leader_reverse_turn_required": 0.0,
    "leader_micro_adjust_budget_m": 0.0
  },
  "quality": {
    "valid": true,
    "label_fidelity": true,
    "lane_fidelity": true,
    "diversity_score": 1.0,
    "balance_score": 0.6666666666666667,
    "scene_quality_score": 0.8999999999999999,
    "raw_diversity_distance": 1.9526619107167074
  },
  "lane": {},
  "audit": {
    "direct_los_blocked": false,
    "large_obstacle_present": false,
    "stage_plan": {
      "leader_goal": {
        "vehicle_id": 2,
        "x": 9.571448818419277,
        "y": 1.2797109933602653,
        "yaw": 0.13636102248581322,
        "v": 0.0,
        "delta": 0.0,
        "mode": "FREE"
      },
      "follower_goal": {
        "vehicle_id": 1,
        "x": 6.885614399600145,
        "y": 0.9111808389814202,
        "yaw": 0.13636102248581322,
        "v": 0.0,
        "delta": 0.0,
        "mode": "DOCKING"
      },
      "leader_path_xy": [
        [
          9.312871620591245,
          1.24423096005415
        ],
        [
          9.571448818419277,
          1.2797109933602653
        ]
      ],
      "follower_path_xy": [
        [
          2.7169772578264686,
          1.253386488477864
        ],
        [
          6.885614399600145,
          0.9111808389814202
        ]
      ],
      "score": 1.392,
      "reason": "heuristic_descriptor_estimate"
    },
    "lane_fidelity": true,
    "off_lane_shortcut_gap_m": 0.0,
    "leader_reverse_turn_required": 0.0
  },
  "scenario": {
    "seed": 20460585,
    "style": "funnel_critical",
    "planner_seed": 20460682,
    "obstacles": [
      {
        "x": 6.898098135138785,
        "y": 2.1443248517986584,
        "width": 1.2799999999999998,
        "height": 0.27999999999999997,
        "yaw": 0.19744754630561476
      },
      {
        "x": 7.229788867962238,
        "y": -0.2730251968618659,
        "width": 1.2799999999999998,
        "height": 0.27999999999999997,
        "yaw": 0.07527449866601169
      }
    ],
    "leader": {
      "vehicle_id": 2,
      "x": 9.312871620591245,
      "y": 1.24423096005415,
      "yaw": 0.13636102248581322,
      "v": 0.0,
      "delta": 0.0,
      "mode": "FREE"
    },
    "follower": {
      "vehicle_id": 1,
      "x": 2.7169772578264686,
      "y": 1.253386488477864,
      "yaw": -0.03307953174494491,
      "v": 0.0,
      "delta": 0.0,
      "mode": "DOCKING"
    },
    "leader_relocation_m": 0.261,
    "follower_detour_ratio": 1.131,
    "direct_los_blocked": false,
    "large_obstacle_present": false,
    "subset_tag": "Funnel-Critical",
    "lane_constrained": false
  }
}