{
  "schema_version": "dockbench-v1.0",
  "scene_id": "DBv1-SC-L3-034",
  "split": "test",
  "family": "SC",
  "difficulty": "L3",
  "generator_version": "dock_sgen_1.1",
  "max_time_s": 32.0,
  "map": {
    "width_m": 40.0,
    "height_m": 20.0,
    "resolution_m": 0.05
  },
  "leader": {
    "x": 10.282545881659393,
    "y": 2.87807155821236,
    "yaw": 0.29048368274770375
  },
  "follower": {
    "x": 0.43940213486669144,
    "y": 0.4654735708917479,
    "yaw": 0.36986468968803987
  },
  "obstacles": [
    {
      "x": 5.438807933551985,
      "y": 2.205650006687882,
      "width": 0.6400000000000001,
      "height": 1.34,
      "yaw": 0.24036577255793098,
      "role": "screen"
    },
    {
      "x": -9.459819148918662,
      "y": -2.7996836356317765,
      "width": 1.1149412867347086,
      "height": 1.494465877898064,
      "yaw": 0.04166786570468384,
      "role": "background"
    },
    {
      "x": -12.736791965758794,
      "y": 0.6849401164287965,
      "width": 0.8897294329622898,
      "height": 1.1964035933926143,
      "yaw": -0.44215890975232175,
      "role": "background"
    }
  ],
  "descriptors": {
    "d0_m": 8.546407091935015,
    "heading_diff_deg": 4.54819667117995,
    "bearing_deg": 177.12845526811032,
    "boundary_margin_m": 7.12192844178764,
    "clutter_ratio": 0.0044853964995350505,
    "occlusion_index": 1.0,
    "detour_factor": 1.1196000000000002,
    "homotopy_count": 2.0,
    "dock_zone_clearance_m": 1.6398639322072974,
    "staging_shift_required_m": 0.268,
    "capture_constraint_index": 0.08542714878585309,
    "corridor_width_min_m": 0.0,
    "bottleneck_ratio": 0.0,
    "corridor_turn_deg_max": 0.0,
    "branch_count": 0.0,
    "drivable_area_ratio": 1.0,
    "off_lane_shortcut_gap_m": 0.0,
    "leader_reverse_turn_required": 0.0,
    "leader_micro_adjust_budget_m": 0.0
  },
  "quality": {
    "valid": true,
    "label_fidelity": true,
    "lane_fidelity": true,
    "diversity_score": 0.8132132295918713,
    "balance_score": 0.5,
    "scene_quality_score": 0.7192492607143098,
    "raw_diversity_distance": 0.14637838132653683
  },
  "lane": {},
  "audit": {
    "direct_los_blocked": true,
    "large_obstacle_present": false,
    "stage_plan": {
      "leader_goal": {
        "vehicle_id": 2,
        "x": 10.539318143135764,
        "y": 2.954830959827471,
        "yaw": 0.29048368274770375,
        "v": 0.0,
        "delta": 0.0,
        "mode": "FREE"
      },
      "follower_goal": {
        "vehicle_id": 1,
        "x": 7.935187521147788,
        "y": 2.1763531479249667,
        "yaw": 0.29048368274770375,
        "v": 0.0,
        "delta": 0.0,
        "mode": "DOCKING"
      },
      "leader_path_xy": [
        [
          10.282545881659393,
          2.87807155821236
        ],
        [
          10.539318143135764,
          2.954830959827471
        ]
      ],
      "follower_path_xy": [
        [
          0.43940213486669144,
          0.4654735708917479
        ],
        [
          7.935187521147788,
          2.1763531479249667
        ]
      ],
      "score": 1.3876000000000002,
      "reason": "heuristic_descriptor_estimate"
    },
    "lane_fidelity": true,
    "off_lane_shortcut_gap_m": 0.0,
    "leader_reverse_turn_required": 0.0
  },
  "scenario": {
    "seed": 20380716,
    "style": "switching_critical",
    "planner_seed": 20380813,
    "obstacles": [
      {
        "x": 5.438807933551985,
        "y": 2.205650006687882,
        "width": 0.6400000000000001,
        "height": 1.34,
        "yaw": 0.24036577255793098
      },
      {
        "x": -9.459819148918662,
        "y": -2.7996836356317765,
        "width": 1.1149412867347086,
        "height": 1.494465877898064,
        "yaw": 0.04166786570468384
      },
      {
        "x": -12.736791965758794,
        "y": 0.6849401164287965,
        "width": 0.8897294329622898,
        "height": 1.1964035933926143,
        "yaw": -0.44215890975232175
      }
    ],
    "leader": {
      "vehicle_id": 2,
      "x": 10.282545881659393,
      "y": 2.87807155821236,
      "yaw": 0.29048368274770375,
      "v": 0.0,
      "delta": 0.0,
      "mode": "FREE"
    },
    "follower": {
      "vehicle_id": 1,
      "x": 0.43940213486669144,
      "y": 0.4654735708917479,
      "yaw": 0.36986468968803987,
      "v": 0.0,
      "delta": 0.0,
      "mode": "DOCKING"
    },
    "leader_relocation_m": 0.268,
    "follower_detour_ratio": 1.1196000000000002,
    "direct_los_blocked": true,
    "large_obstacle_present": false,
    "subset_tag": "Switching-Critical",
    "lane_constrained": false
  }
}