{
  "schema_version": "dockbench-v1.0",
  "scene_id": "DBv1-FC-L1-041",
  "split": "tuning",
  "family": "FC",
  "difficulty": "L1",
  "generator_version": "dock_sgen_1.0",
  "max_time_s": 24.0,
  "map": {
    "width_m": 40.0,
    "height_m": 20.0,
    "resolution_m": 0.05
  },
  "leader": {
    "x": 7.4062226447741,
    "y": 0.16673931302036982,
    "yaw": -0.2243739032993142
  },
  "follower": {
    "x": 0.96613493559384,
    "y": 2.410914380241916,
    "yaw": -0.0959018583578446
  },
  "obstacles": [
    {
      "x": 5.4645684916175,
      "y": 1.86122423462036,
      "width": 1.2799999999999998,
      "height": 0.27999999999999997,
      "yaw": -0.16328737947951266,
      "role": "dock_zone"
    },
    {
      "x": 4.921678244129589,
      "y": -0.5176137546471975,
      "width": 1.2799999999999998,
      "height": 0.27999999999999997,
      "yaw": -0.28546042711911573,
      "role": "dock_zone"
    }
  ],
  "descriptors": {
    "d0_m": 5.2653541253609095,
    "heading_diff_deg": 7.360905960561244,
    "bearing_deg": 173.64378272621528,
    "boundary_margin_m": 7.589085619758084,
    "clutter_ratio": 0.0008959999999999997,
    "occlusion_index": 0.17647058823529413,
    "detour_factor": 1.131,
    "homotopy_count": 1.0,
    "dock_zone_clearance_m": 0.8610039033205442,
    "staging_shift_required_m": 0.261,
    "capture_constraint_index": 0.1660961374681399
  },
  "quality": {
    "valid": true,
    "label_fidelity": true,
    "diversity_score": 0.41503098153046947,
    "balance_score": 0.33333333333333337,
    "scene_quality_score": 0.3905216870713286,
    "raw_diversity_distance": 0.0747055766754845
  },
  "audit": {
    "direct_los_blocked": false,
    "large_obstacle_present": false,
    "stage_plan": {
      "leader_goal": {
        "vehicle_id": 2,
        "x": 7.660680314937556,
        "y": 0.10866785621940894,
        "yaw": -0.2243739032993142,
        "v": 0.0,
        "delta": 0.0,
        "mode": "FREE"
      },
      "follower_goal": {
        "vehicle_id": 1,
        "x": 5.017635319484954,
        "y": 0.7118545205389679,
        "yaw": -0.2243739032993142,
        "v": 0.0,
        "delta": 0.0,
        "mode": "DOCKING"
      },
      "leader_path_xy": [
        [
          7.4062226447741,
          0.16673931302036982
        ],
        [
          7.660680314937556,
          0.10866785621940894
        ]
      ],
      "follower_path_xy": [
        [
          0.96613493559384,
          2.410914380241916
        ],
        [
          5.017635319484954,
          0.7118545205389679
        ]
      ],
      "score": 1.392,
      "reason": "heuristic_descriptor_estimate"
    }
  },
  "scenario": {
    "seed": 20460847,
    "style": "funnel_critical",
    "planner_seed": 20460944,
    "obstacles": [
      {
        "x": 5.4645684916175,
        "y": 1.86122423462036,
        "width": 1.2799999999999998,
        "height": 0.27999999999999997,
        "yaw": -0.16328737947951266
      },
      {
        "x": 4.921678244129589,
        "y": -0.5176137546471975,
        "width": 1.2799999999999998,
        "height": 0.27999999999999997,
        "yaw": -0.28546042711911573
      }
    ],
    "leader": {
      "vehicle_id": 2,
      "x": 7.4062226447741,
      "y": 0.16673931302036982,
      "yaw": -0.2243739032993142,
      "v": 0.0,
      "delta": 0.0,
      "mode": "FREE"
    },
    "follower": {
      "vehicle_id": 1,
      "x": 0.96613493559384,
      "y": 2.410914380241916,
      "yaw": -0.0959018583578446,
      "v": 0.0,
      "delta": 0.0,
      "mode": "DOCKING"
    },
    "leader_relocation_m": 0.261,
    "follower_detour_ratio": 1.131,
    "direct_los_blocked": false,
    "large_obstacle_present": false,
    "subset_tag": "Funnel-Critical"
  }
}