{
  "schema_version": "dockbench-v1.0",
  "scene_id": "DBv1-LC-L1-077",
  "split": "test",
  "family": "LC",
  "difficulty": "L1",
  "generator_version": "dock_sgen_1.1",
  "max_time_s": 26.0,
  "map": {
    "width_m": 40.0,
    "height_m": 20.0,
    "resolution_m": 0.05
  },
  "leader": {
    "x": 4.420881718967977,
    "y": -1.8859663570411305,
    "yaw": -0.16558835189311383
  },
  "follower": {
    "x": -2.0224070610799023,
    "y": -0.4227457693657723,
    "yaw": 0.0
  },
  "obstacles": [
    {
      "x": -4.0,
      "y": 0.7740336429588696,
      "width": 25.0,
      "height": 0.34,
      "yaw": 0.0,
      "role": "channel"
    },
    {
      "x": -6.407349024929651,
      "y": -1.7159663570411303,
      "width": 20.185301950140698,
      "height": 0.34,
      "yaw": 0.0,
      "role": "channel"
    },
    {
      "x": 7.492650975070349,
      "y": -1.7159663570411303,
      "width": 2.0146980498593017,
      "height": 0.34,
      "yaw": 0.0,
      "role": "channel"
    },
    {
      "x": 5.085301950140698,
      "y": -2.6909663570411304,
      "width": 2.8,
      "height": 0.34,
      "yaw": 0.0,
      "role": "hybrid"
    }
  ],
  "descriptors": {
    "d0_m": 5.044457989426996,
    "heading_diff_deg": 9.487513700002538,
    "bearing_deg": 176.69308375080473,
    "boundary_margin_m": 8.11403364295887,
    "clutter_ratio": 0.02125,
    "occlusion_index": 0.5117647058823529,
    "detour_factor": 1.1570731707317075,
    "homotopy_count": 2.0,
    "dock_zone_clearance_m": 0.0,
    "staging_shift_required_m": 1.2979519419422323,
    "capture_constraint_index": 0.41643653006376935,
    "corridor_width_min_m": 2.15,
    "bottleneck_ratio": 0.524390243902439,
    "corridor_turn_deg_max": 20.831009864001828,
    "branch_count": 1.0,
    "drivable_area_ratio": 0.07060000000000001,
    "off_lane_shortcut_gap_m": 2.098481274348414,
    "leader_reverse_turn_required": 0.028437761911813218,
    "leader_micro_adjust_budget_m": 1.5979519419422323
  },
  "quality": {
    "valid": true,
    "label_fidelity": true,
    "lane_fidelity": true,
    "diversity_score": 0.8634872296689466,
    "balance_score": 0.33333333333333337,
    "scene_quality_score": 0.7044410607682626,
    "raw_diversity_distance": 0.1554277013404104
  },
  "lane": {
    "enabled": true,
    "category": "LC",
    "corridor_polygons": [
      [
        [
          8.5,
          0.6040336429588695
        ],
        [
          8.5,
          -1.5459663570411304
        ],
        [
          -16.5,
          -1.5459663570411304
        ],
        [
          -16.5,
          0.6040336429588695
        ]
      ],
      [
        [
          6.485301950140698,
          -1.5459663570411304
        ],
        [
          6.485301950140698,
          -2.5209663570411305
        ],
        [
          3.685301950140698,
          -2.5209663570411305
        ],
        [
          3.685301950140698,
          -1.5459663570411304
        ]
      ]
    ],
    "centerline": [
      [
        -16.5,
        -0.47096635704113043
      ],
      [
        5.085301950140698,
        -0.47096635704113043
      ],
      [
        8.5,
        -0.47096635704113043
      ]
    ],
    "width_profile_m": [
      2.15,
      4.1,
      2.15
    ],
    "branch_count": 1,
    "bottleneck_ratio": 0.524390243902439,
    "corridor_width_min_m": 2.15,
    "corridor_turn_deg_max": 20.831009864001828,
    "drivable_area_ratio": 0.07060000000000001,
    "leader_reverse_turn_required": 0.028437761911813218,
    "leader_micro_adjust_budget_m": 1.5979519419422323,
    "heading_gap_regime": "small",
    "bay_depth_m": 0.975,
    "leader_stage_anchor_xy": [
      5.085301950140698,
      -0.7709663570411305
    ],
    "leader_stage_anchor_yaw": 0.0,
    "leader_stage_path_xy": [
      [
        4.420881718967977,
        -1.8859663570411305
      ],
      [
        4.420881718967977,
        -1.7001330237077972
      ],
      [
        4.420881718967977,
        -1.5142996903744639
      ],
      [
        4.420881718967977,
        -1.3284663570411306
      ],
      [
        4.420881718967977,
        -1.142633023707797
      ],
      [
        4.420881718967977,
        -0.9567996903744639
      ],
      [
        4.420881718967977,
        -0.7709663570411305
      ],
      [
        4.586986776761158,
        -0.7709663570411305
      ],
      [
        4.753091834554338,
        -0.7709663570411305
      ],
      [
        4.919196892347518,
        -0.7709663570411305
      ],
      [
        5.085301950140698,
        -0.7709663570411305
      ]
    ],
    "follower_stage_path_xy": [
      [
        -2.0224070610799023,
        -0.4227457693657723
      ],
      [
        -1.452693434677327,
        -0.4287733428251921
      ],
      [
        -0.8829798082747522,
        -0.4348009162846118
      ],
      [
        -0.31326618187217725,
        -0.44082848974403155
      ],
      [
        0.2564474445303979,
        -0.4468560632034514
      ],
      [
        0.8261610709329731,
        -0.4528836366628711
      ],
      [
        1.395874697335548,
        -0.4589112101222909
      ],
      [
        1.9655883237381229,
        -0.46493878358171065
      ],
      [
        2.535301950140698,
        -0.47096635704113043
      ],
      [
        2.535301950140698,
        -0.5459663570411304
      ],
      [
        2.535301950140698,
        -0.6209663570411305
      ],
      [
        2.535301950140698,
        -0.6959663570411305
      ],
      [
        2.535301950140698,
        -0.7709663570411305
      ]
    ],
    "corridor_entry_xy": [
      5.085301950140698,
      -0.47096635704113043
    ],
    "off_lane_shortcut_gap_m": 2.098481274348414,
    "lane_fidelity": true
  },
  "audit": {
    "direct_los_blocked": true,
    "large_obstacle_present": true,
    "stage_plan": {
      "leader_goal": {
        "vehicle_id": 2,
        "x": 4.962101306823188,
        "y": -1.976414210074899,
        "yaw": -0.16558835189311383,
        "v": 0.0,
        "delta": 0.0,
        "mode": "FREE"
      },
      "follower_goal": {
        "vehicle_id": 1,
        "x": 2.004393930156257,
        "y": -1.4821263311350272,
        "yaw": -0.16558835189311383,
        "v": 0.0,
        "delta": 0.0,
        "mode": "DOCKING"
      },
      "leader_path_xy": [
        [
          4.420881718967977,
          -1.8859663570411305
        ],
        [
          4.962101306823188,
          -1.976414210074899
        ]
      ],
      "follower_path_xy": [
        [
          -2.0224070610799023,
          -0.4227457693657723
        ],
        [
          2.004393930156257,
          -1.4821263311350272
        ]
      ],
      "score": 1.7057984721317632,
      "reason": "heuristic_descriptor_estimate"
    },
    "lane_fidelity": true,
    "off_lane_shortcut_gap_m": 2.098481274348414,
    "leader_reverse_turn_required": 0.028437761911813218
  },
  "scenario": {
    "seed": 20660847,
    "style": "lane_constrained",
    "planner_seed": 20660944,
    "obstacles": [
      {
        "x": -4.0,
        "y": 0.7740336429588696,
        "width": 25.0,
        "height": 0.34,
        "yaw": 0.0
      },
      {
        "x": -6.407349024929651,
        "y": -1.7159663570411303,
        "width": 20.185301950140698,
        "height": 0.34,
        "yaw": 0.0
      },
      {
        "x": 7.492650975070349,
        "y": -1.7159663570411303,
        "width": 2.0146980498593017,
        "height": 0.34,
        "yaw": 0.0
      },
      {
        "x": 5.085301950140698,
        "y": -2.6909663570411304,
        "width": 2.8,
        "height": 0.34,
        "yaw": 0.0
      }
    ],
    "leader": {
      "vehicle_id": 2,
      "x": 4.420881718967977,
      "y": -1.8859663570411305,
      "yaw": -0.16558835189311383,
      "v": 0.0,
      "delta": 0.0,
      "mode": "FREE"
    },
    "follower": {
      "vehicle_id": 1,
      "x": -2.0224070610799023,
      "y": -0.4227457693657723,
      "yaw": 0.0,
      "v": 0.0,
      "delta": 0.0,