{
  "schema_version": "dockbench-v1.0",
  "scene_id": "DBv1-FC-L2-045",
  "split": "test",
  "family": "FC",
  "difficulty": "L2",
  "generator_version": "dock_sgen_1.1",
  "max_time_s": 30.0,
  "map": {
    "width_m": 40.0,
    "height_m": 20.0,
    "resolution_m": 0.05
  },
  "leader": {
    "x": 9.33497013930069,
    "y": -1.384191998185392,
    "yaw": 0.2404614408132067
  },
  "follower": {
    "x": 1.865199812603878,
    "y": -3.0198334281940764,
    "yaw": -0.004878896889437601
  },
  "obstacles": [
    {
      "x": 7.003283701087473,
      "y": -0.7770154556110247,
      "width": 1.5299999999999998,
      "height": 0.32,
      "yaw": 0.3539078421928381,
      "role": "dock_zone"
    },
    {
      "x": 7.5486490699324635,
      "y": -3.001128000979304,
      "width": 1.5299999999999998,
      "height": 0.32,
      "yaw": 0.12701503943357528,
      "role": "dock_zone"
    },
    {
      "x": 0.316866856988959,
      "y": -4.730519896548627,
      "width": 0.9975524836094491,
      "height": 0.7864793488131304,
      "yaw": 0.14473408561325796,
      "role": "background"
    }
  ],
  "descriptors": {
    "d0_m": 6.079468928810881,
    "heading_diff_deg": 14.056965894675859,
    "bearing_deg": 178.5735866975918,
    "boundary_margin_m": 6.980166571805924,
    "clutter_ratio": 0.0022046930346451003,
    "occlusion_index": 0.10588235294117647,
    "detour_factor": 1.1540000000000001,
    "homotopy_count": 1.0,
    "dock_zone_clearance_m": 0.7302480216941749,
    "staging_shift_required_m": 0.264,
    "capture_constraint_index": 0.24106347773126227,
    "corridor_width_min_m": 0.0,
    "bottleneck_ratio": 0.0,
    "corridor_turn_deg_max": 0.0,
    "branch_count": 0.0,
    "drivable_area_ratio": 1.0,
    "off_lane_shortcut_gap_m": 0.0,
    "leader_reverse_turn_required": 0.0,
    "leader_micro_adjust_budget_m": 0.0
  },
  "quality": {
    "valid": true,
    "label_fidelity": true,
    "lane_fidelity": true,
    "diversity_score": 0.6207053285773014,
    "balance_score": 0.6666666666666667,
    "scene_quality_score": 0.6344937300041109,
    "raw_diversity_distance": 0.11172695914391426
  },
  "lane": {},
  "audit": {
    "direct_los_blocked": false,
    "large_obstacle_present": false,
    "stage_plan": {
      "leader_goal": {
        "vehicle_id": 2,
        "x": 9.591374380338781,
        "y": -1.32132018273776,
        "yaw": 0.2404614408132067,
        "v": 0.0,
        "delta": 0.0,
        "mode": "FREE"
      },
      "follower_goal": {
        "vehicle_id": 1,
        "x": 6.955461084212356,
        "y": -1.9676614976047047,
        "yaw": 0.2404614408132067,
        "v": 0.0,
        "delta": 0.0,
        "mode": "DOCKING"
      },
      "leader_path_xy": [
        [
          9.33497013930069,
          -1.384191998185392
        ],
        [
          9.591374380338781,
          -1.32132018273776
        ]
      ],
      "follower_path_xy": [
        [
          1.865199812603878,
          -3.0198334281940764
        ],
        [
          6.955461084212356,
          -1.9676614976047047
        ]
      ],
      "score": 1.4180000000000001,
      "reason": "heuristic_descriptor_estimate"
    },
    "lane_fidelity": true,
    "off_lane_shortcut_gap_m": 0.0,
    "leader_reverse_turn_required": 0.0
  },
  "scenario": {
    "seed": 20470585,
    "style": "funnel_critical",
    "planner_seed": 20470682,
    "obstacles": [
      {
        "x": 7.003283701087473,
        "y": -0.7770154556110247,
        "width": 1.5299999999999998,
        "height": 0.32,
        "yaw": 0.3539078421928381
      },
      {
        "x": 7.5486490699324635,
        "y": -3.001128000979304,
        "width": 1.5299999999999998,
        "height": 0.32,
        "yaw": 0.12701503943357528
      },
      {
        "x": 0.316866856988959,
        "y": -4.730519896548627,
        "width": 0.9975524836094491,
        "height": 0.7864793488131304,
        "yaw": 0.14473408561325796
      }
    ],
    "leader": {
      "vehicle_id": 2,
      "x": 9.33497013930069,
      "y": -1.384191998185392,
      "yaw": 0.2404614408132067,
      "v": 0.0,
      "delta": 0.0,
      "mode": "FREE"
    },
    "follower": {
      "vehicle_id": 1,
      "x": 1.865199812603878,
      "y": -3.0198334281940764,
      "yaw": -0.004878896889437601,
      "v": 0.0,
      "delta": 0.0,
      "mode": "DOCKING"
    },
    "leader_relocation_m": 0.264,
    "follower_detour_ratio": 1.1540000000000001,
    "direct_los_blocked": false,
    "large_obstacle_present": false,
    "subset_tag": "Funnel-Critical",
    "lane_constrained": false
  }
}