{
  "schema_version": "dockbench-v1.0",
  "scene_id": "DBv1-LC-L3-088",
  "split": "test",
  "family": "LC",
  "difficulty": "L3",
  "generator_version": "dock_sgen_1.1",
  "max_time_s": 38.0,
  "map": {
    "width_m": 40.0,
    "height_m": 20.0,
    "resolution_m": 0.05
  },
  "leader": {
    "x": 3.668417643871193,
    "y": 0.07227372352537201,
    "yaw": -0.7834197212589543
  },
  "follower": {
    "x": -4.445127904702373,
    "y": 1.3200379737258463,
    "yaw": 0.0
  },
  "obstacles": [
    {
      "x": -4.0,
      "y": 2.2240931435106313,
      "width": 25.0,
      "height": 0.34,
      "yaw": 0.0,
      "role": "channel"
    },
    {
      "x": -7.09526911418695,
      "y": 0.43409314351063144,
      "width": 18.8094617716261,
      "height": 0.34,
      "yaw": 0.0,
      "role": "channel"
    },
    {
      "x": 7.604730885813051,
      "y": 0.43409314351063144,
      "width": 1.7905382283738982,
      "height": 0.34,
      "yaw": 0.0,
      "role": "channel"
    },
    {
      "x": 4.509461771626102,
      "y": -1.1659068564893686,
      "width": 4.4,
      "height": 0.34,
      "yaw": 0.0,
      "role": "hybrid"
    }
  ],
  "descriptors": {
    "d0_m": 6.709511928661916,
    "heading_diff_deg": 44.88664361545345,
    "bearing_deg": -143.85625201176657,
    "boundary_margin_m": 8.679962026274154,
    "clutter_ratio": 0.02125,
    "occlusion_index": 0.4411764705882353,
    "detour_factor": 1.1825806451612904,
    "homotopy_count": 2.0,
    "dock_zone_clearance_m": 0.0,
    "staging_shift_required_m": 1.3034613696043291,
    "capture_constraint_index": 0.7918819146634362,
    "corridor_width_min_m": 1.45,
    "bottleneck_ratio": 0.31182795698924726,
    "corridor_turn_deg_max": 46.31838340312649,
    "branch_count": 1.0,
    "drivable_area_ratio": 0.05411249999999999,
    "off_lane_shortcut_gap_m": 2.310125304722229,
    "leader_reverse_turn_required": 0.8583108338248455,
    "leader_micro_adjust_budget_m": 1.564461369604329
  },
  "quality": {
    "valid": true,
    "label_fidelity": true,
    "lane_fidelity": true,
    "diversity_score": 0.8998695527139051,
    "balance_score": 0.5,
    "scene_quality_score": 0.7799086868997336,
    "raw_diversity_distance": 0.16197651948850292
  },
  "lane": {
    "enabled": true,
    "category": "LC",
    "corridor_polygons": [
      [
        [
          8.5,
          2.0540931435106313
        ],
        [
          8.5,
          0.6040931435106315
        ],
        [
          -16.5,
          0.6040931435106315
        ],
        [
          -16.5,
          2.0540931435106313
        ]
      ],
      [
        [
          6.709461771626102,
          0.6040931435106315
        ],
        [
          6.709461771626102,
          -0.9959068564893687
        ],
        [
          2.3094617716261014,
          -0.9959068564893687
        ],
        [
          2.3094617716261014,
          0.6040931435106315
        ]
      ]
    ],
    "centerline": [
      [
        -16.5,
        1.3290931435106315
      ],
      [
        4.509461771626102,
        1.3290931435106315
      ],
      [
        8.5,
        1.3290931435106315
      ]
    ],
    "width_profile_m": [
      1.45,
      4.65,
      1.45
    ],
    "branch_count": 1,
    "bottleneck_ratio": 0.31182795698924726,
    "corridor_width_min_m": 1.45,
    "corridor_turn_deg_max": 46.31838340312649,
    "drivable_area_ratio": 0.05411249999999999,
    "leader_reverse_turn_required": 0.8583108338248455,
    "leader_micro_adjust_budget_m": 1.564461369604329,
    "heading_gap_regime": "large",
    "bay_depth_m": 1.6,
    "leader_stage_anchor_xy": [
      4.509461771626102,
      1.0680931435106316
    ],
    "leader_stage_anchor_yaw": 0.0,
    "leader_stage_path_xy": [
      [
        3.668417643871193,
        0.07227372352537201
      ],
      [
        3.668417643871193,
        0.23824362685624859
      ],
      [
        3.668417643871193,
        0.4042135301871252
      ],
      [
        3.668417643871193,
        0.5701834335180018
      ],
      [
        3.668417643871193,
        0.7361533368488783
      ],
      [
        3.668417643871193,
        0.9021232401797549
      ],
      [
        3.668417643871193,
        1.0680931435106316
      ],
      [
        3.8786786758099203,
        1.0680931435106316
      ],
      [
        4.088939707748647,
        1.0680931435106316
      ],
      [
        4.299200739687374,
        1.0680931435106316
      ],
      [
        4.509461771626102,
        1.0680931435106316
      ]
    ],
    "follower_stage_path_xy": [
      [
        -4.445127904702373,
        1.3200379737258463
      ],
      [
        -3.644554195161313,
        1.3211698699489445
      ],
      [
        -2.8439804856202544,
        1.3223017661720426
      ],
      [
        -2.043406776079195,
        1.3234336623951406
      ],
      [
        -1.2428330665381355,
        1.324565558618239
      ],
      [
        -0.4422593569970761,
        1.325697454841337
      ],
      [
        0.35831435254398314,
        1.3268293510644353
      ],
      [
        1.1588880620850424,
        1.3279612472875333
      ],
      [
        1.9594617716261018,
        1.3290931435106315
      ],
      [
        1.9594617716261018,
        1.2638431435106314
      ],
      [
        1.9594617716261018,
        1.1985931435106316
      ],
      [
        1.9594617716261018,
        1.1333431435106316
      ],
      [
        1.9594617716261018,
        1.0680931435106316
      ]
    ],
    "corridor_entry_xy": [
      4.509461771626102,
      1.3290931435106315
    ],
    "off_lane_shortcut_gap_m": 2.310125304722229,
    "lane_fidelity": true
  },
  "audit": {
    "direct_los_blocked": true,
    "large_obstacle_present": true,
    "stage_plan": {
      "leader_goal": {
        "vehicle_id": 2,
        "x": 4.6259656589004,
        "y": -0.8814928612259086,
        "yaw": -0.7834197212589543,
        "v": 0.0,
        "delta": 0.0,
        "mode": "FREE"
      },
      "follower_goal": {
        "vehicle_id": 1,
        "x": 1.9325819465924758,
        "y": 1.8012544729997289,
        "yaw": -0.7834197212589543,
        "v": 0.0,
        "delta": 0.0,
        "mode": "DOCKING"
      },
      "leader_path_xy": [
        [
          3.668417643871193,
          0.07227372352537201
        ],
        [
          4.6259656589004,
          -0.8814928612259086
        ]
      ],
      "follower_path_xy": [
        [
          -4.445127904702373,
          1.3200379737258463
        ],
        [
          1.9325819465924758,
          1.8012544729997289
        ]
      ],
      "score": 2.5340868047012663,
      "reason": "heuristic_descriptor_estimate"
    },
    "lane_fidelity": true,
    "off_lane_shortcut_gap_m": 2.310125304722229,
    "leader_reverse_turn_required": 0.8583108338248455
  },
  "scenario": {
    "seed": 20680716,
    "style": "lane_constrained",
    "planner_seed": 20680813,
    "obstacles": [
      {
        "x": -4.0,
        "y": 2.2240931435106313,
        "width": 25.0,
        "height": 0.34,
        "yaw": 0.0
      },
      {
        "x": -7.09526911418695,
        "y": 0.43409314351063144,
        "width": 18.8094617716261,
        "height": 0.34,
        "yaw": 0.0
      },
      {
        "x": 7.604730885813051,
        "y": 0.43409314351063144,
        "width": 1.7905382283738982,
        "height": 0.34,
        "yaw": 0.0
      },
      {
        "x": 4.509461771626102,
        "y": -1.1659068564893686,
        "width": 4.4,
        "height": 0.34,
        "yaw": 0.0
      }
    ],
    "leader": {
      "vehicle_id": 2,
      "x": 3.668417643871193,
      "y": 0.07227372352537201,
      "yaw": -0.7834197212589543,
      "v": 0.0,
      "delta": 0.0,
      "mode": "FREE"
    },
    "follower": {
      "vehicle_id": 1,
      "x": -4.445127904702373,
      "y": 1.3200379737258463,
      "yaw": 0.0,
      "v": 0.0,
      "delta": 0.0,
      "mode": "DOCKING"
    },
    "leader_relocation_m": 1.3034613696043291,