{
  "schema_version": "dockbench-v1.0",
  "scene_id": "DBv1-LC-L3-085",
  "split": "tuning",
  "family": "LC",
  "difficulty": "L3",
  "generator_version": "dock_sgen_1.1",
  "max_time_s": 36.0,
  "map": {
    "width_m": 40.0,
    "height_m": 20.0,
    "resolution_m": 0.05
  },
  "leader": {
    "x": 3.2524423984732325,
    "y": -2.870763741860699,
    "yaw": -0.7548279607997073
  },
  "follower": {
    "x": -3.759124822647357,
    "y": -1.5265338446196526,
    "yaw": 0.0
  },
  "obstacles": [
    {
      "x": -4.0,
      "y": -0.6190217335588653,
      "width": 25.0,
      "height": 0.34,
      "yaw": 0.0,
      "role": "channel"
    },
    {
      "x": -7.359544069369083,
      "y": -2.4890217335588654,
      "width": 18.280911861261835,
      "height": 0.34,
      "yaw": 0.0,
      "role": "channel"
    },
    {
      "x": 7.340455930630918,
      "y": -2.4890217335588654,
      "width": 2.3190881387381648,
      "height": 0.34,
      "yaw": 0.0,
      "role": "channel"
    },
    {
      "x": 3.9809118612618355,
      "y": -4.089021733558866,
      "width": 4.4,
      "height": 0.34,
      "yaw": 0.0,
      "role": "hybrid"
    }
  ],
  "descriptors": {
    "d0_m": 5.629916135181158,
    "heading_diff_deg": 43.24845641228956,
    "bearing_deg": -147.60437680030935,
    "boundary_margin_m": 7.129236258139301,
    "clutter_ratio": 0.02125,
    "occlusion_index": 0.3352941176470588,
    "detour_factor": 1.181183932346723,
    "homotopy_count": 2.0,
    "dock_zone_clearance_m": 0.07196302062521054,
    "staging_shift_required_m": 1.2708504776210348,
    "capture_constraint_index": 0.7568571099068264,
    "corridor_width_min_m": 1.53,
    "bottleneck_ratio": 0.32346723044397463,
    "corridor_turn_deg_max": 45.13888861684849,
    "branch_count": 1.0,
    "drivable_area_ratio": 0.05661250000000001,
    "off_lane_shortcut_gap_m": 2.1470762820667435,
    "leader_reverse_turn_required": 0.7919925490584772,
    "leader_micro_adjust_budget_m": 1.5462504776210346
  },
  "quality": {
    "valid": true,
    "label_fidelity": true,
    "lane_fidelity": true,
    "diversity_score": 1.0,
    "balance_score": 1.0,
    "scene_quality_score": 1.0,
    "raw_diversity_distance": 9.0
  },
  "lane": {
    "enabled": true,
    "category": "LC",
    "corridor_polygons": [
      [
        [
          8.5,
          -0.7890217335588653
        ],
        [
          8.5,
          -2.3190217335588654
        ],
        [
          -16.5,
          -2.3190217335588654
        ],
        [
          -16.5,
          -0.7890217335588653
        ]
      ],
      [
        [
          6.180911861261835,
          -2.3190217335588654
        ],
        [
          6.180911861261835,
          -3.9190217335588655
        ],
        [
          1.7809118612618353,
          -3.9190217335588655
        ],
        [
          1.7809118612618353,
          -2.3190217335588654
        ]
      ]
    ],
    "centerline": [
      [
        -16.5,
        -1.5540217335588653
      ],
      [
        3.9809118612618355,
        -1.5540217335588653
      ],
      [
        8.5,
        -1.5540217335588653
      ]
    ],
    "width_profile_m": [
      1.53,
      4.73,
      1.53
    ],
    "branch_count": 1,
    "bottleneck_ratio": 0.32346723044397463,
    "corridor_width_min_m": 1.53,
    "corridor_turn_deg_max": 45.13888861684849,
    "drivable_area_ratio": 0.05661250000000001,
    "leader_reverse_turn_required": 0.7919925490584772,
    "leader_micro_adjust_budget_m": 1.5462504776210346,
    "heading_gap_regime": "large",
    "bay_depth_m": 1.6,
    "leader_stage_anchor_xy": [
      3.9809118612618355,
      -1.8294217335588652
    ],
    "leader_stage_anchor_yaw": 0.0,
    "leader_stage_path_xy": [
      [
        3.2524423984732325,
        -2.870763741860699
      ],
      [
        3.2524423984732325,
        -2.6972067404770597
      ],
      [
        3.2524423984732325,
        -2.523649739093421
      ],
      [
        3.2524423984732325,
        -2.350092737709782
      ],
      [
        3.2524423984732325,
        -2.176535736326143
      ],
      [
        3.2524423984732325,
        -2.0029787349425043
      ],
      [
        3.2524423984732325,
        -1.8294217335588652
      ],
      [
        3.4345597641703836,
        -1.8294217335588652
      ],
      [
        3.6166771298675338,
        -1.8294217335588652
      ],
      [
        3.7987944955646844,
        -1.8294217335588652
      ],
      [
        3.9809118612618355,
        -1.8294217335588652
      ]
    ],
    "follower_stage_path_xy": [
      [
        -3.759124822647357,
        -1.5265338446196526
      ],
      [
        -3.1103702371587074,
        -1.5299698307370542
      ],
      [
        -2.4616156516700585,
        -1.5334058168544558
      ],
      [
        -1.8128610661814095,
        -1.5368418029718574
      ],
      [
        -1.1641064806927603,
        -1.540277789089259
      ],
      [
        -0.5153518952041113,
        -1.5437137752066605
      ],
      [
        0.13340269028453788,
        -1.5471497613240621
      ],
      [
        0.7821572757731869,
        -1.5505857474414637
      ],
      [
        1.4309118612618361,
        -1.5540217335588653
      ],
      [
        1.4309118612618361,
        -1.6228717335588652
      ],
      [
        1.4309118612618361,
        -1.6917217335588652
      ],
      [
        1.4309118612618361,
        -1.7605717335588653
      ],
      [
        1.4309118612618361,
        -1.8294217335588652
      ]
    ],
    "corridor_entry_xy": [
      3.9809118612618355,
      -1.5540217335588653
    ],
    "off_lane_shortcut_gap_m": 2.1470762820667435,
    "lane_fidelity": true
  },
  "audit": {
    "direct_los_blocked": true,
    "large_obstacle_present": true,
    "stage_plan": {
      "leader_goal": {
        "vehicle_id": 2,
        "x": 4.193132610596926,
        "y": -3.7556289632660014,
        "yaw": -0.7548279607997073,
        "v": 0.0,
        "delta": 0.0,
        "mode": "FREE"
      },
      "follower_goal": {
        "vehicle_id": 1,
        "x": 1.4678882976213694,
        "y": -1.1921134920668957,
        "yaw": -0.7548279607997073,
        "v": 0.0,
        "delta": 0.0,
        "mode": "DOCKING"
      },
      "leader_path_xy": [
        [
          3.2524423984732325,
          -2.870763741860699
        ],
        [
          4.193132610596926,
          -3.7556289632660014
        ]
      ],
      "follower_path_xy": [
        [
          -3.759124822647357,
          -1.5265338446196526
        ],
        [
          1.4678882976213694,
          -1.1921134920668957
        ]
      ],
      "score": 2.4726499734170932,
      "reason": "heuristic_descriptor_estimate"
    },
    "lane_fidelity": true,
    "off_lane_shortcut_gap_m": 2.1470762820667435,
    "leader_reverse_turn_required": 0.7919925490584772
  },
  "scenario": {
    "seed": 20680323,
    "style": "lane_constrained",
    "planner_seed": 20680420,
    "obstacles": [
      {
        "x": -4.0,
        "y": -0.6190217335588653,
        "width": 25.0,
        "height": 0.34,
        "yaw": 0.0
      },
      {
        "x": -7.359544069369083,
        "y": -2.4890217335588654,
        "width": 18.280911861261835,
        "height": 0.34,
        "yaw": 0.0
      },
      {
        "x": 7.340455930630918,
        "y": -2.4890217335588654,
        "width": 2.3190881387381648,
        "height": 0.34,
        "yaw": 0.0
      },
      {
        "x": 3.9809118612618355,
        "y": -4.089021733558866,
        "width": 4.4,
        "height": 0.34,
        "yaw": 0.0
      }
    ],
    "leader": {
      "vehicle_id": 2,
      "x": 3.2524423984732325,
      "y": -2.870763741860699,
      "yaw": -0.7548279607997073,
      "v": 0.0,
      "delta": 0.0,
      "mode": "FREE"
    },
    "follower": {
      "vehicle_id": 1,
      "x": -3.759124822647357,
      "y": -1.5265338446196526,
      "yaw": 0.0,
      "v": 0.0,
      "delta": 0.0,
      "mode": "DOCKING"
    },